Variety,Freq,d(cm),M%,Density,Attn,Phase,Phase_Corr,Permittivity_real,Permittivity_imaginary,Type,Phase/Attn,Freq*d(cm),Freq*Attn
KANSAS,7.0,8.9,11.3,0.7356,8.8258,-55.973,-415.973,2.416,0.243,15.855505617977526,-6.341974665186159,62.3,61.78059999999999
KANSAS,8.0,8.9,11.3,0.7356,10.2572,-114.289,-474.289,2.412,0.246,15.855505617977526,-11.142319541395311,71.2,82.0576
KANSAS,9.0,8.9,11.3,0.7356,11.5679,-168.171,-528.171,2.395,0.246,15.855505617977526,-14.537729406374536,80.10000000000001,104.1111
KANSAS,10.0,8.9,11.3,0.7356,12.8795,134.849,-585.151,2.39,0.246,15.855505617977526,10.470049303156175,89.0,128.79500000000002
KANSAS,11.0,8.9,11.3,0.7356,13.7649,83.502,-636.498,2.371,0.238,15.855505617977526,6.066299065013185,97.9,151.4139
KANSAS,12.0,8.9,11.3,0.7356,14.4249,27.323,-692.677,2.368,0.229,15.855505617977526,1.8941552454436428,106.8,173.09879999999998
KANSAS,13.0,8.9,11.3,0.7356,15.0405,-26.224,-746.224,2.359,0.22,15.855505617977526,-1.7435590572121935,115.7,195.5265
KANSAS,14.0,8.9,11.3,0.7356,16.1934,-85.408,-805.408,2.362,0.22,15.855505617977526,-5.2742475329455205,124.6,226.7076
KANSAS,15.0,8.9,11.3,0.7356,17.7211,-139.456,-859.456,2.355,0.225,15.855505617977526,-7.869488914345045,133.5,265.8165
KANSAS,16.0,8.9,11.3,0.7356,19.5762,164.202,-915.798,2.353,0.232,15.855505617977526,8.38783829343795,142.4,313.2192
KANSAS,17.0,8.9,11.3,0.7356,20.9151,113.905,-966.095,2.342,0.232,15.855505617977526,5.44606528297737,151.3,355.5567
KANSAS,18.0,8.9,11.3,0.7356,21.31,58.282,-1021.718,2.34,0.224,15.855505617977526,2.734960112623181,160.20000000000002,383.58
KANSAS,6.0,8.9,11.3,0.7859,8.0242,-26.205,-386.205,2.562,0.265,15.855505617977526,-3.2657461179930705,53.400000000000006,48.1452
KANSAS,7.0,8.9,11.3,0.7859,9.396,-82.811,-442.811,2.529,0.264,15.855505617977526,-8.813431247339294,62.3,65.772
KANSAS,8.0,8.9,11.3,0.7859,10.752,-144.973,-504.973,2.524,0.264,15.855505617977526,-13.48335193452381,71.2,86.016
KANSAS,9.0,8.9,11.3,0.7859,12.0065,157.545,-562.455,2.506,0.261,15.855505617977526,13.12164244367634,80.10000000000001,108.0585
KANSAS,10.0,8.9,11.3,0.7859,13.2309,96.589,-623.411,2.501,0.259,15.855505617977526,7.300259241623775,89.0,132.309
KANSAS,11.0,8.9,11.3,0.7859,14.1993,41.997,-678.003,2.481,0.251,15.855505617977526,2.9576810124442754,97.9,156.1923
KANSAS,12.0,8.9,11.3,0.7859,14.9916,-16.716,-736.716,2.474,0.243,15.855505617977526,-1.1150244136716565,106.8,179.8992
KANSAS,13.0,8.9,11.3,0.7859,15.7562,-72.081,-792.081,2.461,0.235,15.855505617977526,-4.574770566507153,115.7,204.8306
KANSAS,14.0,8.9,11.3,0.7859,17.0156,-133.469,-853.469,2.462,0.236,15.855505617977526,-7.843919697219023,124.6,238.2184
KANSAS,15.0,8.9,11.3,0.7859,18.5624,169.887,-910.113,2.453,0.24,15.855505617977526,9.152210921001595,133.5,278.436
KANSAS,16.0,8.9,11.3,0.7859,20.4455,110.639,-969.361,2.45,0.248,15.855505617977526,5.411410823897679,142.4,327.128
KANSAS,17.0,8.9,11.3,0.7859,21.8303,58.593,-1021.407,2.435,0.248,15.855505617977526,2.684021749586584,151.3,371.1151
KANSAS,18.0,8.9,11.3,0.7859,22.2702,2.641,-1077.359,2.429,0.239,15.855505617977526,0.118588966421496,160.20000000000002,400.8636
KANSAS,6.0,8.9,11.3,0.8088,8.2908,-37.172,-397.172,2.616,0.277,15.855505617977526,-4.483523906016306,53.400000000000006,49.744800000000005
KANSAS,7.0,8.9,11.3,0.8088,9.6825,-94.996,-454.996,2.58,0.275,15.855505617977526,-9.81110250451846,62.3,67.77749999999999
KANSAS,8.0,8.9,11.3,0.8088,11.0879,-158.485,-518.485,2.575,0.275,15.855505617977526,-14.293509140594704,71.2,88.7032
KANSAS,9.0,8.9,11.3,0.8088,12.3237,142.652,-577.348,2.555,0.27,15.855505617977526,11.575419719727028,80.10000000000001,110.9133
KANSAS,10.0,8.9,11.3,0.8088,13.5556,79.971,-640.029,2.551,0.268,15.855505617977526,5.899480657440468,89.0,135.556
KANSAS,11.0,8.9,11.3,0.8088,14.5168,23.676,-696.324,2.53,0.26,15.855505617977526,1.6309379477570811,97.9,159.6848
KANSAS,12.0,8.9,11.3,0.8088,15.3401,-36.768,-756.768,2.523,0.251,15.855505617977526,-2.396855300812902,106.8,184.0812
KANSAS,13.0,8.9,11.3,0.8088,16.1934,-93.521,-813.521,2.509,0.244,15.855505617977526,-5.775254115874368,115.7,210.5142
KANSAS,14.0,8.9,11.3,0.8088,17.3933,-156.26,-876.26,2.51,0.244,15.855505617977526,-8.983919095283815,124.6,243.5062
KANSAS,15.0,8.9,11.3,0.8088,19.0156,145.98,-934.021,2.5,0.248,15.855505617977526,7.676854792906877,133.5,285.234
KANSAS,16.0,8.9,11.3,0.8088,21.0122,85.778,-994.222,2.496,0.256,15.855505617977526,4.082295047638991,142.4,336.1952
KANSAS,17.0,8.9,11.3,0.8088,22.3837,33.357,-1046.643,2.479,0.257,15.855505617977526,1.4902361986624195,151.3,380.5229
KANSAS,18.0,8.9,11.3,0.8088,22.9748,-22.044,-1102.044,2.469,0.248,15.855505617977526,-0.9594860455803752,160.20000000000002,413.5464
KANSAS,6.0,7.7,13.85,0.7183,8.5426,16.201,-343.799,2.614,0.329,15.855505617977526,1.8964952122304688,46.2,51.2556
KANSAS,7.0,7.7,13.85,0.7183,10.1448,-32.787,-392.787,2.573,0.333,15.855505617977526,-3.231902058197303,53.9,71.0136
KANSAS,8.0,7.7,13.85,0.7183,11.972,-86.385,-446.385,2.561,0.342,15.855505617977526,-7.21558636819245,61.6,95.776
KANSAS,9.0,7.7,13.85,0.7183,13.7227,-135.578,-495.578,2.535,0.348,15.855505617977526,-9.879834143426583,69.3,123.5043
KANSAS,10.0,7.7,13.85,0.7183,15.4938,172.492,-547.508,2.524,0.352,15.855505617977526,11.13296931675896,77.0,154.938
KANSAS,11.0,7.7,13.85,0.7183,16.7129,125.024,-594.976,2.502,0.344,15.855505617977526,7.480688569907077,84.7,183.8419
KANSAS,12.0,7.7,13.85,0.7183,17.6546,72.107,-647.893,2.499,0.333,15.855505617977526,4.084317968121623,92.4,211.8552
KANSAS,13.0,7.7,13.85,0.7183,18.7108,21.73,-698.27,2.49,0.325,15.855505617977526,1.1613613528015907,100.1,243.2404
KANSAS,14.0,7.7,13.85,0.7183,20.2646,-32.334,-752.334,2.491,0.327,15.855505617977526,-1.595590339804388,107.8,283.7044
KANSAS,15.0,7.7,13.85,0.7183,22.1581,-79.65,-799.65,2.476,0.333,15.855505617977526,-3.594622282596432,115.5,332.3715
KANSAS,16.0,7.7,13.85,0.7183,24.1522,-128.209,-848.209,2.465,0.339,15.855505617977526,-5.308377704722552,123.2,386.4352
KANSAS,17.0,7.7,13.85,0.7183,25.5145,-174.183,-894.183,2.451,0.336,15.855505617977526,-6.8268239628446565,130.9,433.7465
KANSAS,18.0,7.7,13.85,0.7183,26.7448,129.543,-950.458,2.458,0.333,15.855505617977526,4.843670545302264,138.6,481.4064
KANSAS,6.0,7.7,13.85,0.7915,9.6297,-13.41,-373.41,2.788,0.383,15.855505617977526,-1.3925667466276208,46.2,57.7782
KANSAS,7.0,7.7,13.85,0.7915,11.3406,-66.834,-426.834,2.742,0.384,15.855505617977526,-5.893338976773716,53.9,79.3842
KANSAS,8.0,7.7,13.85,0.7915,13.2309,-125.335,-485.335,2.73,0.391,15.855505617977526,-9.47290055854099,61.6,105.8472
KANSAS,9.0,7.7,13.85,0.7915,14.9429,-179.335,-539.335,2.704,0.391,15.855505617977526,-12.001351812566504,69.3,134.4861
KANSAS,10.0,7.7,13.85,0.7915,16.6537,123.3,-596.701,2.694,0.392,15.855505617977526,7.403760125377543,77.0,166.537
KANSAS,11.0,7.7,13.85,0.7915,17.9239,71.439,-648.561,2.67,0.381,15.855505617977526,3.9856839192363274,84.7,197.1629
KANSAS,12.0,7.7,13.85,0.7915,18.8619,15.031,-704.969,2.663,0.368,15.855505617977526,0.7968974493555794,92.4,226.3428
KANSAS,13.0,7.7,13.85,0.7915,19.9136,-38.025,-758.025,2.648,0.356,15.855505617977526,-1.9094990358348063,100.1,258.8768
KANSAS,14.0,7.7,13.85,0.7915,21.4116,-95.457,-815.457,2.646,0.356,15.855505617977526,-4.458190887182648,107.8,299.7624
KANSAS,15.0,7.7,13.85,0.7915,23.223,-146.415,-866.415,2.629,0.36,15.855505617977526,-6.304740989536236,115.5,348.345
KANSAS,16.0,7.7,13.85,0.7915,25.1927,161.553,-918.447,2.616,0.364,15.855505617977526,6.412690977942023,123.2,403.0832
KANSAS,17.0,7.7,13.85,0.7915,26.3752,113.552,-966.448,2.597,0.357,15.855505617977526,4.305256453031636,130.9,448.3784
KANSAS,18.0,7.7,13.85,0.7915,26.9357,56.234,-1023.766,2.599,0.344,15.855505617977526,2.0877125896115563,138.6,484.8426
KANSAS,6.0,7.7,13.85,0.8147,9.9788,-27.431,-387.431,2.872,0.403,15.855505617977526,-2.7489277267807752,46.2,59.8728
KANSAS,7.0,7.7,13.85,0.8147,11.8013,-83.407,-443.407,2.827,0.406,15.855505617977526,-7.067611195376781,53.9,82.6091
KANSAS,8.0,7.7,13.85,0.8147,13.6806,-144.447,-504.447,2.816,0.411,15.855505617977526,-10.558528134730931,61.6,109.4448
KANSAS,9.0,7.7,13.85,0.8147,15.2894,159.169,-560.832,2.789,0.406,15.855505617977526,10.410415058798907,69.3,137.6046
KANSAS,10.0,7.7,13.85,0.8147,16.7726,98.995,-621.005,2.781,0.401,15.855505617977526,5.902185707642226,77.0,167.726
KANSAS,11.0,7.7,13.85,0.8147,17.9239,44.673,-675.327,2.757,0.388,15.855505617977526,2.4923705220404044,84.7,197.1629
KANSAS,12.0,7.7,13.85,0.8147,19.0156,-13.607,-733.607,2.748,0.377,15.855505617977526,-0.715570373798355,92.4,228.1872
KANSAS,13.0,7.7,13.85,0.8147,20.2646,-67.725,-787.725,2.729,0.368,15.855505617977526,-3.3420348785566945,100.1,263.4398
KANSAS,14.0,7.7,13.85,0.8147,21.9382,-126.363,-846.363,2.724,0.371,15.855505617977526,-5.759952958765989,107.8,307.1348
KANSAS,15.0,7.7,13.85,0.8147,24.0132,-178.882,-898.882,2.705,0.377,15.855505617977526,-7.449319540919161,115.5,360.19800000000004
KANSAS,16.0,7.7,13.85,0.8147,26.3752,127.625,-952.375,2.69,0.386,15.855505617977526,4.838825866723286,123.2,422.0032
KANSAS,17.0,7.7,13.85,0.8147,27.535,79.18,-1000.82,2.667,0.379,15.855505617977526,2.875612856364627,130.9,468.095
KANSAS,18.0,7.7,13.85,0.8147,27.9588,20.76,-1059.24,2.667,0.362,15.855505617977526,0.7425211382462767,138.6,503.2584
KANSAS,5.0,7.7,16.33,0.71,8.4732,49.009,-310.991,2.785,0.404,15.855505617977526,5.784001321814663,38.5,42.366
KANSAS,6.0,7.7,16.33,0.71,10.6626,-8.141,-368.141,2.753,0.423,15.855505617977526,-0.7635098381257855,46.2,63.9756
KANSAS,7.0,7.7,16.33,0.71,12.6529,-61.227,-421.227,2.71,0.427,15.855505617977526,-4.838969722356139,53.9,88.5703
KANSAS,8.0,7.7,16.33,0.71,14.751,-119.75,-479.75,2.702,0.434,15.855505617977526,-8.118093688563487,61.6,118.008
KANSAS,9.0,7.7,16.33,0.71,16.6537,-173.844,-533.844,2.679,0.434,15.855505617977526,-10.438761356335228,69.3,149.88330000000002
KANSAS,10.0,7.7,16.33,0.71,18.5624,129.885,-590.116,2.668,0.435,15.855505617977526,6.99720941257596,77.0,185.624
KANSAS,11.0,7.7,16.33,0.71,20.0,81.317,-638.683,2.635,0.423,15.855505617977526,4.065849999999999,84.7,220.0
KANSAS,12.0,7.7,16.33,0.71,21.2096,30.201,-689.799,2.615,0.409,15.855505617977526,1.4239306729028367,92.4,254.5152
KANSAS,13.0,7.7,16.33,0.71,22.2702,-18.553,-738.553,2.593,0.395,15.855505617977526,-0.8330863665346517,100.1,289.5126
KANSAS,14.0,7.7,16.33,0.71,24.1522,-73.438,-793.438,2.588,0.397,15.855505617977526,-3.0406339795132533,107.8,338.1308
KANSAS,15.0,7.7,16.33,0.71,26.7448,-124.141,-844.141,2.573,0.409,15.855505617977526,-4.641687356046783,115.5,401.172
KANSAS,16.0,7.7,16.33,0.71,29.6297,-177.233,-897.233,2.565,0.425,15.855505617977526,-5.981599543701084,123.2,474.0752
KANSAS,5.0,7.7,16.33,0.7718,9.4217,20.417,-339.583,2.992,0.467,15.855505617977526,2.167018690894425,38.5,47.1085
KANSAS,6.0,7.7,16.33,0.7718,11.8352,-41.825,-401.825,2.955,0.486,15.855505617977526,-3.5339495741516838,46.2,71.0112
KANSAS,7.0,7.7,16.33,0.7718,13.9794,-99.433,-459.433,2.905,0.487,15.855505617977526,-7.11282315406956,53.9,97.8558
KANSAS,8.0,7.7,16.33,0.7718,16.082,-162.691,-522.691,2.894,0.489,15.855505617977526,-10.116341251088173,61.6,128.656
KANSAS,9.0,7.7,16.33,0.7718,17.7882,138.612,-581.388,2.867,0.479,15.855505617977526,7.792356730866529,69.3,160.0938
KANSAS,10.0,7.7,16.33,0.7718,19.4123,76.686,-643.314,2.858,0.471,15.855505617977526,3.9503819743152544,77.0,194.123
KANSAS,11.0,7.7,16.33,0.7718,20.8192,22.497,-697.503,2.825,0.457,15.855505617977526,1.0805890716261912,84.7,229.0112
KANSAS,12.0,7.7,16.33,0.7718,22.2702,-33.823,-753.823,2.804,0.445,15.855505617977526,-1.5187560057835134,92.4,267.2424
KANSAS,13.0,7.7,16.33,0.7718,23.7417,-85.958,-805.958,2.775,0.435,15.855505617977526,-3.620549497298003,100.1,308.6421
KANSAS,14.0,7.7,16.33,0.7718,25.6799,-143.913,-863.913,2.765,0.437,15.855505617977526,-5.604110607907352,107.8,359.5186
KANSAS,15.0,7.7,16.33,0.7718,28.1787,162.793,-917.207,2.743,0.446,15.855505617977526,5.777165021807252,115.5,422.6805
KANSAS,5.0,7.7,16.33,0.8116,10.1728,4.805,-355.195,3.108,0.514,15.855505617977526,0.4723379993708713,38.5,50.864
KANSAS,6.0,7.7,16.33,0.8116,12.7278,-60.426,-420.426,3.069,0.532,15.855505617977526,-4.7475604582095885,46.2,76.3668
KANSAS,7.0,7.7,16.33,0.8116,14.8945,-120.903,-480.903,3.017,0.53,15.855505617977526,-8.117291617711235,53.9,104.2615
KANSAS,8.0,7.7,16.33,0.8116,16.9542,173.036,-546.964,3.004,0.527,15.855505617977526,10.206084627997782,61.6,135.6336
KANSAS,9.0,7.7,16.33,0.8116,18.5624,112.327,-607.673,2.974,0.51,15.855505617977526,6.051318794983407,69.3,167.0616
KANSAS,10.0,7.7,16.33,0.8116,20.0873,48.807,-671.193,2.96,0.496,15.855505617977526,2.429744166712301,77.0,200.873
KANSAS,11.0,7.7,16.33,0.8116,21.5144,-6.652,-726.652,2.921,0.479,15.855505617977526,-0.3091882646041721,84.7,236.6584
KANSAS,12.0,7.7,16.33,0.8116,23.098,-64.24,-784.24,2.896,0.469,15.855505617977526,-2.781193176898433,92.4,277.176
KANSAS,13.0,7.7,16.33,0.8116,24.7314,-117.269,-837.269,2.862,0.46,15.855505617977526,-4.741704877200644,100.1,321.5082
KANSAS,14.0,7.7,16.33,0.8116,26.7448,-176.318,-896.318,2.847,0.463,15.855505617977526,-6.592608656636057,107.8,374.4272
KANSAS,15.0,7.7,16.33,0.8116,29.3704,128.736,-951.264,2.824,0.471,15.855505617977526,4.383188516329366,115.5,440.556
KANSAS,5.0,6.5,18.13,0.7279,8.2234,72.736,-287.264,2.996,0.484,15.855505617977526,8.845003283313472,32.5,41.117
KANSAS,6.0,6.5,18.13,0.7279,10.3425,23.011,-336.989,2.937,0.502,15.855505617977526,2.224897268552091,39.0,62.05499999999999
KANSAS,7.0,6.5,18.13,0.7279,12.2522,-22.29,-382.29,2.869,0.503,15.855505617977526,-1.8192651115717997,45.5,85.7654
KANSAS,8.0,6.5,18.13,0.7279,14.4708,-71.956,-431.956,2.84,0.517,15.855505617977526,-4.972496337451973,52.0,115.7664
KANSAS,9.0,6.5,18.13,0.7279,16.8328,-117.206,-477.206,2.797,0.531,15.855505617977526,-6.962953281688133,58.5,151.49519999999998
KANSAS,10.0,6.5,18.13,0.7279,19.4123,-163.769,-523.769,2.767,0.55,15.855505617977526,-8.436352209681491,65.0,194.123
KANSAS,11.0,6.5,18.13,0.7279,21.4116,154.12,-565.88,2.727,0.546,15.855505617977526,7.197967456892526,71.5,235.5276
KANSAS,12.0,6.5,18.13,0.7279,22.9748,105.261,-614.739,2.719,0.537,15.855505617977526,4.581585041001445,78.0,275.6976
KANSAS,13.0,6.5,18.13,0.7279,24.437,56.677,-663.323,2.711,0.526,15.855505617977526,2.3193108810410443,84.5,317.68100000000004
KANSAS,14.0,6.5,18.13,0.7279,26.3752,3.577,-716.423,2.717,0.529,15.855505617977526,0.1356198246837938,91.0,369.2528
KANSAS,15.0,6.5,18.13,0.7279,28.636,-43.337,-763.337,2.705,0.533,15.855505617977526,-1.5133747730129907,97.5,429.54
KANSAS,5.0,6.5,18.13,0.7978,9.2688,44.431,-315.569,3.248,0.568,15.855505617977526,4.793608665630933,32.5,46.344
KANSAS,6.0,6.5,18.13,0.7978,11.8013,-10.609,-370.609,3.183,0.596,15.855505617977526,-0.8989687576792388,39.0,70.8078
KANSAS,7.0,6.5,18.13,0.7978,14.0667,-60.358,-420.358,3.104,0.601,15.855505617977526,-4.29084291269452,45.5,98.4669
KANSAS,8.0,6.5,18.13,0.7978,16.4782,-115.197,-475.197,3.073,0.614,15.855505617977526,-6.990872789503707,52.0,131.8256
KANSAS,9.0,6.5,18.13,0.7978,18.9384,-167.108,-527.108,3.034,0.623,15.855505617977526,-8.823765471211928,58.5,170.4456
KANSAS,10.0,6.5,18.13,0.7978,21.7237,136.957,-583.043,3.02,0.642,15.855505617977526,6.304496931922277,65.0,217.237
KANSAS,11.0,6.5,18.13,0.7978,24.0132,87.159,-632.841,2.985,0.641,15.855505617977526,3.629628704212683,71.5,264.1452
KANSAS,12.0,6.5,18.13,0.7978,25.6799,33.879,-686.121,2.971,0.628,15.855505617977526,1.3192808383210215,78.0,308.1588
KANSAS,13.0,6.5,18.13,0.7978,26.9357,-16.938,-736.938,2.951,0.604,15.855505617977526,-0.6288308824348355,84.5,350.1641
KANSAS,14.0,6.5,18.13,0.7978,28.4043,-72.767,-792.767,2.949,0.594,15.855505617977526,-2.561830427083223,91.0,397.6602
KANSAS,5.0,6.5,18.13,0.842,10.1448,25.932,-334.068,3.417,0.637,15.855505617977526,2.556186420629288,32.5,50.724
KANSAS,6.0,6.5,18.13,0.842,12.9178,-32.296,-392.296,3.346,0.669,15.855505617977526,-2.500116118843766,39.0,77.5068
KANSAS,7.0,6.5,18.13,0.842,15.391,-84.835,-444.835,3.259,0.675,15.855505617977526,-5.511987525177051,45.5,107.737
KANSAS,8.0,6.5,18.13,0.842,17.9926,-142.785,-502.785,3.225,0.686,15.855505617977526,-7.93576248013072,52.0,143.9408
KANSAS,9.0,6.5,18.13,0.842,20.4455,161.665,-558.335,3.186,0.689,15.855505617977526,7.90711892592502,58.5,184.0095
KANSAS,10.0,6.5,18.13,0.842,23.098,100.717,-619.283,3.18,0.702,15.855505617977526,4.360420815655036,65.0,230.98
KANSAS,11.0,6.5,18.13,0.842,25.3521,46.29,-673.71,3.149,0.696,15.855505617977526,1.8258842462754563,71.5,278.8731
KANSAS,12.0,6.5,18.13,0.842,27.1309,-10.264,-730.264,3.133,0.68,15.855505617977526,-0.3783140257050079,78.0,325.5708
KANSAS,13.0,6.5,18.13,0.842,28.4043,-62.584,-782.584,3.105,0.653,15.855505617977526,-2.2033283692961985,84.5,369.2559
KANSAS,14.0,6.5,18.13,0.842,29.897,-120.09,-840.09,3.098,0.639,15.855505617977526,-4.016790982372814,91.0,418.558
KANSAS,7.0,4.4,20.43,0.6692,9.2185,92.248,-267.752,2.947,0.567,15.855505617977526,10.006834083636166,30.800000000000004,64.5295
KANSAS,8.0,4.4,20.43,0.6692,10.6036,59.201,-300.799,2.904,0.566,15.855505617977526,5.583103851522124,35.2,84.8288
KANSAS,9.0,4.4,20.43,0.6692,11.9033,29.09,-330.91,2.85,0.561,15.855505617977526,2.4438601060210194,39.6,107.1297
KANSAS,10.0,4.4,20.43,0.6692,13.4324,-2.574,-362.574,2.817,0.566,15.855505617977526,-0.1916262172061582,44.0,134.32399999999998
KANSAS,11.0,4.4,20.43,0.6692,14.751,-31.152,-391.152,2.772,0.561,15.855505617977526,-2.11185682326622,48.400000000000006,162.261
KANSAS,12.0,4.4,20.43,0.6692,16.1934,-62.419,-422.419,2.75,0.561,15.855505617977526,-3.854595081946966,52.8,194.3208
KANSAS,13.0,4.4,20.43,0.6692,17.523,-92.274,-452.274,2.724,0.559,15.855505617977526,-5.26587913028591,57.2,227.799
KANSAS,14.0,4.4,20.43,0.6692,19.2515,-125.647,-485.647,2.716,0.57,15.855505617977526,-6.526608316235099,61.60000000000001,269.521
KANSAS,15.0,4.4,20.43,0.6692,21.31,-156.487,-516.487,2.698,0.585,15.855505617977526,-7.343359924917879,66.0,319.65
KANSAS,16.0,4.4,20.43,0.6692,23.7417,171.748,-548.252,2.685,0.611,15.855505617977526,7.234022837454773,70.4,379.8672
KANSAS,17.0,4.4,20.43,0.6692,25.8486,144.643,-575.357,2.657,0.624,15.855505617977526,5.595776947300821,74.80000000000001,439.4262
KANSAS,18.0,4.4,20.43,0.6692,27.9588,116.182,-603.818,2.637,0.635,15.855505617977526,4.155471622530294,79.2,503.2584
KANSAS,6.0,4.4,20.43,0.7401,8.7304,95.897,-264.103,3.329,0.666,15.855505617977526,10.9842618894896,26.4,52.3824
KANSAS,7.0,4.4,20.43,0.7401,10.2856,61.729,-298.271,3.232,0.663,15.855505617977526,6.001497238858209,30.800000000000004,71.9992
KANSAS,8.0,4.4,20.43,0.7401,11.8692,25.582,-334.418,3.176,0.664,15.855505617977526,2.155326390995181,35.2,94.9536
KANSAS,9.0,4.4,20.43,0.7401,13.3109,-7.32,-367.32,3.109,0.655,15.855505617977526,-0.5499252492318326,39.6,119.7981
KANSAS,10.0,4.4,20.43,0.7401,14.9429,-42.385,-402.385,3.07,0.657,15.855505617977526,-2.83646414016021,44.0,149.429
KANSAS,11.0,4.4,20.43,0.7401,16.4205,-74.393,-434.393,3.02,0.652,15.855505617977526,-4.530495417313723,48.400000000000006,180.6255
KANSAS,12.0,4.4,20.43,0.7401,17.9926,-109.337,-469.337,2.995,0.652,15.855505617977526,-6.076776007914365,52.8,215.9112
KANSAS,13.0,4.4,20.43,0.7401,19.4939,-142.446,-502.446,2.965,0.65,15.855505617977526,-7.3072089217652705,57.2,253.4207
KANSAS,14.0,4.4,20.43,0.7401,21.31,-179.305,-539.305,2.955,0.659,15.855505617977526,-8.41412482402628,61.60000000000001,298.34
KANSAS,15.0,4.4,20.43,0.7401,23.3498,146.327,-573.673,2.936,0.67,15.855505617977526,6.266734618711938,66.0,350.247
KANSAS,16.0,4.4,20.43,0.7401,25.6799,110.094,-609.906,2.925,0.691,15.855505617977526,4.287166227282817,70.4,410.8784
KANSAS,17.0,4.4,20.43,0.7401,27.7443,78.718,-641.282,2.898,0.7,15.855505617977526,2.8372674747605817,74.80000000000001,471.6531
KANSAS,18.0,4.4,20.43,0.7401,29.6297,46.586,-673.414,2.877,0.702,15.855505617977526,1.572273765849806,79.2,533.3346
KANSAS,6.0,4.4,20.43,0.7945,9.6297,73.431,-286.569,3.587,0.764,15.855505617977526,7.625471198479703,26.4,57.7782
KANSAS,7.0,4.4,20.43,0.7945,11.4373,36.214,-323.786,3.478,0.767,15.855505617977526,3.166306733232493,30.800000000000004,80.06110000000001
KANSAS,8.0,4.4,20.43,0.7945,13.3512,-2.611,-362.611,3.411,0.774,15.855505617977526,-0.1955629456528252,35.2,106.8096
KANSAS,9.0,4.4,20.43,0.7945,15.0405,-37.661,-397.661,3.33,0.768,15.855505617977526,-2.503972607293641,39.6,135.3645
KANSAS,10.0,4.4,20.43,0.7945,16.9542,-75.041,-435.041,3.282,0.773,15.855505617977526,-4.42610090714985,44.0,169.542
KANSAS,11.0,4.4,20.43,0.7945,18.7108,-109.166,-469.166,3.223,0.769,15.855505617977526,-5.834384419693439,48.400000000000006,205.8188
KANSAS,12.0,4.4,20.43,0.7945,20.6303,-146.214,-506.214,3.19,0.773,15.855505617977526,-7.087342404133726,52.8,247.5636
KANSAS,13.0,4.4,20.43,0.7945,22.3837,179.046,-540.954,3.151,0.769,15.855505617977526,7.998945661351787,57.2,290.98810000000003
KANSAS,14.0,4.4,20.43,0.7945,24.2934,140.609,-579.392,3.135,0.775,15.855505617977526,5.787950636798473,61.60000000000001,340.1076
KANSAS,15.0,4.4,20.43,0.7945,26.3752,104.711,-615.289,3.109,0.78,15.855505617977526,3.9700552033728655,66.0,395.628
KANSAS,16.0,4.4,20.43,0.7945,28.636,66.449,-653.551,3.096,0.793,15.855505617977526,2.320470736136332,70.4,458.176
NEBRASKA SETTLER,6.0,8.9,12.18,0.8052,9.6034,-68.842,-428.842,2.777,0.33,16.400365853658535,-7.168502821917237,53.400000000000006,57.6204
NEBRASKA SETTLER,7.0,8.9,12.18,0.8052,11.2133,-134.096,-494.096,2.749,0.328,16.400365853658535,-11.958656238573836,62.3,78.4931
NEBRASKA SETTLER,8.0,8.9,12.18,0.8052,12.7278,156.959,-563.041,2.743,0.326,16.400365853658535,12.33198196074734,71.2,101.8224
NEBRASKA SETTLER,9.0,8.9,12.18,0.8052,13.893,96.299,-623.701,2.71,0.314,16.400365853658535,6.931476283020226,80.10000000000001,125.037
NEBRASKA SETTLER,10.0,8.9,12.18,0.8052,14.9916,32.779,-687.221,2.692,0.305,16.400365853658535,2.1864911016836097,89.0,149.916
NEBRASKA SETTLER,11.0,8.9,12.18,0.8052,16.1934,-25.293,-745.293,2.663,0.297,16.400365853658535,-1.5619326392233872,97.9,178.1274
NEBRASKA SETTLER,12.0,8.9,12.18,0.8052,17.6546,-88.868,-808.868,2.652,0.297,16.400365853658535,-5.033702264565609,106.8,211.8552
NEBRASKA SETTLER,13.0,8.9,12.18,0.8052,19.1721,-149.954,-869.954,2.637,0.297,16.400365853658535,-7.821469739882434,115.7,249.2373
NEBRASKA SETTLER,14.0,8.9,12.18,0.8052,21.1103,140.629,-939.371,2.643,0.303,16.400365853658535,6.661629631033192,124.6,295.5442
NEBRASKA SETTLER,15.0,8.9,12.18,0.8052,23.098,77.021,-1002.979,2.635,0.31,16.400365853658535,3.334531128236211,133.5,346.47
NEBRASKA SETTLER,16.0,8.9,12.18,0.8052,25.1927,13.843,-1066.157,2.628,0.315,16.400365853658535,0.5494845729119944,142.4,403.0832
NEBRASKA SETTLER,17.0,8.9,12.18,0.8052,26.0206,-41.781,-1121.781,2.608,0.307,16.400365853658535,-1.6056893384472302,151.3,442.3502
NEBRASKA SETTLER,18.0,8.9,12.18,0.8052,26.7448,-104.845,-1184.845,2.604,0.296,16.400365853658535,-3.9202013101612274,160.20000000000002,481.4064
NEBRASKA SETTLER,5.0,8.9,12.18,0.8644,8.0023,-19.602,-379.602,2.917,0.338,16.400365853658535,-2.4495457555952664,44.5,40.0115
NEBRASKA SETTLER,6.0,8.9,12.18,0.8644,10.0614,-93.018,-453.018,2.903,0.354,16.400365853658535,-9.24503548213966,53.400000000000006,60.36840000000001
NEBRASKA SETTLER,7.0,8.9,12.18,0.8644,11.7005,-160.909,-520.909,2.868,0.35,16.400365853658535,-13.752318276996707,62.3,81.9035
NEBRASKA SETTLER,8.0,8.9,12.18,0.8644,13.1911,127.08,-592.92,2.859,0.345,16.400365853658535,9.633768222513664,71.2,105.5288
NEBRASKA SETTLER,9.0,8.9,12.18,0.8644,14.3793,63.236,-656.764,2.824,0.332,16.400365853658535,4.397710597873331,80.10000000000001,129.4137
NEBRASKA SETTLER,10.0,8.9,12.18,0.8644,15.5457,-4.103,-724.103,2.806,0.322,16.400365853658535,-0.2639315051750645,89.0,155.457
NEBRASKA SETTLER,11.0,8.9,12.18,0.8644,16.8328,-65.852,-785.852,2.776,0.316,16.400365853658535,-3.9121239484815367,97.9,185.1608
NEBRASKA SETTLER,12.0,8.9,12.18,0.8644,18.6363,-132.854,-852.854,2.765,0.319,16.400365853658535,-7.128775561672651,106.8,223.6356
NEBRASKA SETTLER,13.0,8.9,12.18,0.8644,20.4455,163.937,-916.063,2.746,0.322,16.400365853658535,8.01824362329119,115.7,265.7915
NEBRASKA SETTLER,14.0,8.9,12.18,0.8644,22.4988,92.612,-987.388,2.747,0.329,16.400365853658535,4.11630842533824,124.6,314.9832
NEBRASKA SETTLER,15.0,8.9,12.18,0.8644,24.7314,26.169,-1053.831,2.738,0.337,16.400365853658535,1.0581285329581018,133.5,370.971
NEBRASKA SETTLER,16.0,8.9,12.18,0.8644,26.9357,-41.741,-1121.741,2.733,0.345,16.400365853658535,-1.549653433918554,142.4,430.9712
NEBRASKA SETTLER,17.0,8.9,12.18,0.8644,28.1787,-101.391,-1181.391,2.714,0.338,16.400365853658535,-3.598143278433711,151.3,479.0379
NEBRASKA SETTLER,18.0,8.9,12.18,0.8644,28.8739,-168.011,-1248.011,2.71,0.326,16.400365853658535,-5.818784438541382,160.20000000000002,519.7302
NEBRASKA SETTLER,5.0,8.9,12.18,0.8985,8.4732,-29.45,-389.45,2.98,0.362,16.400365853658535,-3.47566444790634,44.5,42.366
NEBRASKA SETTLER,6.0,8.9,12.18,0.8985,10.6331,-103.769,-463.769,2.959,0.377,16.400365853658535,-9.759054273918236,53.400000000000006,63.79860000000001
NEBRASKA SETTLER,7.0,8.9,12.18,0.8985,12.2522,-172.371,-532.371,2.92,0.371,16.400365853658535,-14.068575439512903,62.3,85.7654
NEBRASKA SETTLER,8.0,8.9,12.18,0.8985,13.7227,114.519,-605.481,2.908,0.362,16.400365853658535,8.345223607599088,71.2,109.7816
NEBRASKA SETTLER,9.0,8.9,12.18,0.8985,14.8464,49.243,-670.757,2.872,0.346,16.400365853658535,3.316831016273305,80.10000000000001,133.61759999999998
NEBRASKA SETTLER,10.0,8.9,12.18,0.8985,16.082,-19.769,-739.769,2.855,0.336,16.400365853658535,-1.2292625295361272,89.0,160.82
NEBRASKA SETTLER,11.0,8.9,12.18,0.8985,17.4579,-82.893,-802.893,2.824,0.33,16.400365853658535,-4.748165586926263,97.9,192.0369
NEBRASKA SETTLER,12.0,8.9,12.18,0.8985,19.3315,-151.217,-871.217,2.812,0.334,16.400365853658535,-7.822310736362932,106.8,231.978
NEBRASKA SETTLER,13.0,8.9,12.18,0.8985,21.2096,144.528,-935.472,2.791,0.337,16.400365853658535,6.814272782136391,115.7,275.7248
NEBRASKA SETTLER,14.0,8.9,12.18,0.8985,23.3498,72.212,-1007.788,2.792,0.345,16.400365853658535,3.092617495653068,124.6,326.8972
NEBRASKA SETTLER,15.0,8.9,12.18,0.8985,25.5145,4.651,-1075.349,2.782,0.352,16.400365853658535,0.1822885026161594,133.5,382.7175
NEBRASKA SETTLER,16.0,8.9,12.18,0.8985,27.7443,-65.115,-1145.115,2.778,0.359,16.400365853658535,-2.3469685665163653,142.4,443.9088
NEBRASKA SETTLER,17.0,8.9,12.18,0.8985,29.1186,-126.519,-1206.519,2.759,0.353,16.400365853658535,-4.344954771177186,151.3,495.0162
NEBRASKA SETTLER,18.0,8.9,12.18,0.8985,29.6297,165.565,-1274.435,2.755,0.339,16.400365853658535,5.587805478961988,160.20000000000002,533.3346
NEBRASKA SETTLER,6.0,7.7,14.58,0.7695,9.7623,-20.837,-380.837,2.832,0.392,16.400365853658535,-2.134435532610143,46.2,58.5738
NEBRASKA SETTLER,7.0,7.7,14.58,0.7695,11.8013,-76.658,-436.658,2.792,0.403,16.400365853658535,-6.495725047240558,53.9,82.6091
NEBRASKA SETTLER,8.0,7.7,14.58,0.7695,13.8074,-137.013,-497.013,2.782,0.412,16.400365853658535,-9.923157147616497,61.6,110.4592
NEBRASKA SETTLER,9.0,7.7,14.58,0.7695,15.391,166.998,-553.002,2.757,0.406,16.400365853658535,10.850367097654471,69.3,138.519
NEBRASKA SETTLER,10.0,7.7,14.58,0.7695,16.8328,107.265,-612.735,2.752,0.4,16.400365853658535,6.372380115013545,77.0,168.32799999999995
NEBRASKA SETTLER,11.0,7.7,14.58,0.7695,18.1316,54.505,-665.495,2.724,0.389,16.400365853658535,3.006077786847273,84.7,199.4476
NEBRASKA SETTLER,12.0,7.7,14.58,0.7695,19.4123,-0.468,-720.468,2.708,0.381,16.400365853658535,-0.0241084261009772,92.4,232.9476
NEBRASKA SETTLER,13.0,7.7,14.58,0.7695,20.7242,-51.42,-771.42,2.684,0.374,16.400365853658535,-2.481157294370832,100.1,269.4146
NEBRASKA SETTLER,14.0,7.7,14.58,0.7695,22.6154,-108.18,-828.18,2.677,0.378,16.400365853658535,-4.783466133696508,107.8,316.61560000000003
NEBRASKA SETTLER,15.0,7.7,14.58,0.7695,25.0362,-160.469,-880.469,2.66,0.389,16.400365853658535,-6.409479074300412,115.5,375.543
NEBRASKA SETTLER,16.0,7.7,14.58,0.7695,27.535,146.125,-933.875,2.647,0.402,16.400365853658535,5.306882149990921,123.2,440.56
NEBRASKA SETTLER,17.0,7.7,14.58,0.7695,29.1186,98.679,-981.321,2.625,0.396,16.400365853658535,3.3888648492716,130.9,495.0162
NEBRASKA SETTLER,18.0,7.7,14.58,0.7695,29.1186,42.612,-1037.388,2.623,0.376,16.400365853658535,1.46339453133049,138.6,524.1348
NEBRASKA SETTLER,5.0,7.7,14.58,0.8444,8.5426,15.636,-344.364,3.031,0.426,16.400365853658535,1.8303560976751807,38.5,42.713
NEBRASKA SETTLER,6.0,7.7,14.58,0.8444,10.8424,-49.44,-409.44,3.006,0.449,16.400365853658535,-4.559876042204678,46.2,65.0544
NEBRASKA SETTLER,7.0,7.7,14.58,0.8444,12.9178,-108.817,-468.817,2.958,0.455,16.400365853658535,-8.423802814720773,53.9,90.4246
NEBRASKA SETTLER,8.0,7.7,14.58,0.8444,14.9429,-173.092,-533.092,2.945,0.459,16.400365853658535,-11.58356142382001,61.6,119.5432
NEBRASKA SETTLER,9.0,7.7,14.58,0.8444,16.4782,127.234,-592.766,2.917,0.447,16.400365853658535,7.721353060407083,69.3,148.30380000000002
NEBRASKA SETTLER,10.0,7.7,14.58,0.8444,17.8558,63.478,-656.522,2.91,0.437,16.400365853658535,3.555035338657468,77.0,178.558
NEBRASKA SETTLER,11.0,7.7,14.58,0.8444,19.1721,6.931,-713.069,2.88,0.424,16.400365853658535,0.3615149096864715,84.7,210.8931
NEBRASKA SETTLER,12.0,7.7,14.58,0.8444,20.7242,-51.759,-771.759,2.861,0.418,16.400365853658535,-2.4975149824842453,92.4,248.6904
NEBRASKA SETTLER,13.0,7.7,14.58,0.8444,22.1581,-105.168,-825.168,2.831,0.411,16.400365853658535,-4.7462553197250665,100.1,288.0553
NEBRASKA SETTLER,14.0,7.7,14.58,0.8444,24.0132,-163.987,-883.987,2.819,0.413,16.400365853658535,-6.829035697033298,107.8,336.1848
NEBRASKA SETTLER,15.0,7.7,14.58,0.8444,26.3752,141.575,-938.425,2.797,0.421,16.400365853658535,5.367731808668749,115.5,395.628
NEBRASKA SETTLER,16.0,7.7,14.58,0.8444,29.1186,85.559,-994.441,2.781,0.434,16.400365853658535,2.9382937366494266,123.2,465.8976
NEBRASKA SETTLER,5.0,7.7,14.58,0.8861,9.1934,0.494,-359.506,3.145,0.467,16.400365853658535,0.0537342006221854,38.5,45.967
NEBRASKA SETTLER,6.0,7.7,14.58,0.8861,11.6009,-67.446,-427.446,3.117,0.489,16.400365853658535,-5.813859269539432,46.2,69.6054
NEBRASKA SETTLER,7.0,7.7,14.58,0.8861,13.7227,-129.457,-489.457,3.067,0.492,16.400365853658535,-9.433784896558258,53.9,96.0589
NEBRASKA SETTLER,8.0,7.7,14.58,0.8861,15.6503,163.606,-556.394,3.052,0.49,16.400365853658535,10.453857114560105,61.6,125.2024
NEBRASKA SETTLER,9.0,7.7,14.58,0.8861,17.0774,101.808,-618.193,3.021,0.472,16.400365853658535,5.961563235621347,69.3,153.69660000000002
NEBRASKA SETTLER,10.0,7.7,14.58,0.8861,18.3443,36.027,-683.973,3.011,0.457,16.400365853658535,1.9639343011180583,77.0,183.443
NEBRASKA SETTLER,11.0,7.7,14.58,0.8861,19.7433,-22.422,-742.422,2.978,0.443,16.400365853658535,-1.1356764066797342,84.7,217.17630000000003
NEBRASKA SETTLER,12.0,7.7,14.58,0.8861,21.4116,-83.147,-803.147,2.957,0.439,16.400365853658535,-3.883268882288106,92.4,256.9392
NEBRASKA SETTLER,13.0,7.7,14.58,0.8861,23.098,-138.043,-858.043,2.923,0.434,16.400365853658535,-5.976404883539701,100.1,300.274
NEBRASKA SETTLER,14.0,7.7,14.58,0.8861,25.0362,161.693,-918.307,2.907,0.438,16.400365853658535,6.458368282726612,107.8,350.5068
NEBRASKA SETTLER,15.0,7.7,14.58,0.8861,27.535,105.26,-974.74,2.884,0.445,16.400365853658535,3.822771018703469,115.5,413.025
NEBRASKA SETTLER,5.0,7.7,16.81,0.752,9.8159,22.864,-337.136,2.972,0.485,16.400365853658535,2.3292820831508068,38.5,49.0795
NEBRASKA SETTLER,6.0,7.7,16.81,0.752,12.3237,-39.512,-399.512,2.939,0.505,16.400365853658535,-3.2061799621866807,46.2,73.9422
NEBRASKA SETTLER,7.0,7.7,16.81,0.752,14.5632,-96.178,-456.178,2.886,0.506,16.400365853658535,-6.604180399912107,53.9,101.9424
NEBRASKA SETTLER,8.0,7.7,16.81,0.752,16.6537,-157.815,-517.815,2.87,0.506,16.400365853658535,-9.476272540036147,61.6,133.2296
NEBRASKA SETTLER,9.0,7.7,16.81,0.752,18.4164,144.826,-575.174,2.84,0.494,16.400365853658535,7.863969071045372,69.3,165.7476
NEBRASKA SETTLER,10.0,7.7,16.81,0.752,20.2646,83.687,-636.313,2.831,0.488,16.400365853658535,4.129713885297513,77.0,202.646
NEBRASKA SETTLER,11.0,7.7,16.81,0.752,21.9382,30.024,-689.976,2.798,0.477,16.400365853658535,1.3685717150905727,84.7,241.3202
NEBRASKA SETTLER,12.0,7.7,16.81,0.752,23.4785,-24.906,-744.906,2.775,0.467,16.400365853658535,-1.0608003066635432,92.4,281.742
NEBRASKA SETTLER,13.0,7.7,16.81,0.752,24.7314,-75.111,-795.111,2.744,0.451,16.400365853658535,-3.037070283121861,100.1,321.5082
NEBRASKA SETTLER,14.0,7.7,16.81,0.752,26.3752,-131.107,-851.107,2.731,0.445,16.400365853658535,-4.970843822985229,107.8,369.2528
NEBRASKA SETTLER,15.0,7.7,16.81,0.752,28.4043,177.153,-902.847,2.709,0.448,16.400365853658535,6.236837380255806,115.5,426.0645
NEBRASKA SETTLER,5.0,7.7,16.81,0.8288,10.8122,-10.146,-370.146,3.22,0.556,16.400365853658535,-0.9383844176023382,38.5,54.06100000000001
NEBRASKA SETTLER,6.0,7.7,16.81,0.8288,13.5556,-78.559,-438.559,3.182,0.578,16.400365853658535,-5.795317064534214,46.2,81.3336
NEBRASKA SETTLER,7.0,7.7,16.81,0.8288,15.9721,-140.699,-500.699,3.121,0.577,16.400365853658535,-8.80904827793465,53.9,111.8047
NEBRASKA SETTLER,8.0,7.7,16.81,0.8288,18.0618,152.507,-567.493,3.099,0.57,16.400365853658535,8.44362134449501,61.6,144.4944
NEBRASKA SETTLER,9.0,7.7,16.81,0.8288,19.5762,91.03,-628.97,3.061,0.546,16.400365853658535,4.65003422523268,69.3,176.1858
NEBRASKA SETTLER,10.0,7.7,16.81,0.8288,21.1103,25.318,-694.682,3.046,0.528,16.400365853658535,1.1993197633382755,77.0,211.103
NEBRASKA SETTLER,11.0,7.7,16.81,0.8288,22.7335,-33.264,-753.264,3.01,0.513,16.400365853658535,-1.4632150790683354,84.7,250.0685
NEBRASKA SETTLER,12.0,7.7,16.81,0.8288,24.583,-93.396,-813.396,2.984,0.508,16.400365853658535,-3.799210836757109,92.4,294.996
NEBRASKA SETTLER,13.0,7.7,16.81,0.8288,26.558,-146.367,-866.367,2.942,0.501,16.400365853658535,-5.511220724452143,100.1,345.254
NEBRASKA SETTLER,14.0,7.7,16.81,0.8288,28.636,156.504,-923.496,2.916,0.501,16.400365853658535,5.465288448107278,107.8,400.904
NEBRASKA SETTLER,5.0,7.7,16.81,0.87,11.634,-29.608,-389.608,3.37,0.613,16.400365853658535,-2.544954443871412,38.5,58.17
NEBRASKA SETTLER,6.0,7.7,16.81,0.87,14.5632,-101.672,-461.672,3.329,0.634,16.400365853658535,-6.981432652164359,46.2,87.3792
NEBRASKA SETTLER,7.0,7.7,16.81,0.87,17.0156,-167.153,-527.153,3.264,0.63,16.400365853658535,-9.823514892216554,53.9,119.1092
NEBRASKA SETTLER,8.0,7.7,16.81,0.87,19.0935,123.271,-596.729,3.237,0.617,16.400365853658535,6.456176185612906,61.6,152.748
NEBRASKA SETTLER,9.0,7.7,16.81,0.87,20.6303,60.213,-659.787,3.19,0.587,16.400365853658535,2.9186681725423287,69.3,185.6727
NEBRASKA SETTLER,10.0,7.7,16.81,0.87,22.1581,-6.758,-726.758,3.167,0.565,16.400365853658535,-0.3049900487857713,77.0,221.581
NEBRASKA SETTLER,11.0,7.7,16.81,0.87,23.8764,-66.771,-786.771,3.123,0.548,16.400365853658535,-2.7965271146403983,84.7,262.6404
NEBRASKA SETTLER,12.0,7.7,16.81,0.87,26.0206,-128.948,-848.948,3.093,0.547,16.400365853658535,-4.95561209195791,92.4,312.2472
NEBRASKA SETTLER,13.0,7.7,16.81,0.87,28.4043,176.27,-903.73,3.046,0.547,16.400365853658535,6.20575053777069,100.1,369.2559
NEBRASKA SETTLER,5.0,6.5,19.19,0.7395,9.3195,45.023,-314.977,3.243,0.569,16.400365853658535,4.831053168088418,32.5,46.5975
NEBRASKA SETTLER,6.0,6.5,19.19,0.7395,12.111,-11.514,-371.514,3.189,0.612,16.400365853658535,-0.9507059697795393,39.0,72.666
NEBRASKA SETTLER,7.0,6.5,19.19,0.7395,14.751,-62.647,-422.647,3.116,0.633,16.400365853658535,-4.246966307368992,45.5,103.257
NEBRASKA SETTLER,8.0,6.5,19.19,0.7395,17.7211,-118.813,-478.813,3.088,0.662,16.400365853658535,-6.7046063731935375,52.0,141.7688
NEBRASKA SETTLER,9.0,6.5,19.19,0.7395,20.6303,-171.881,-531.881,3.052,0.681,16.400365853658535,-8.331483303684386,58.5,185.6727
NEBRASKA SETTLER,10.0,6.5,19.19,0.7395,23.7417,131.263,-588.737,3.039,0.705,16.400365853658535,5.528795326366688,65.0,237.41700000000003
NEBRASKA SETTLER,11.0,6.5,19.19,0.7395,26.1961,81.508,-638.492,3.002,0.702,16.400365853658535,3.111455522005184,71.5,288.1571
NEBRASKA SETTLER,12.0,6.5,19.19,0.7395,27.7443,28.884,-691.116,2.984,0.68,16.400365853658535,1.0410787080589528,78.0,332.9316
NEBRASKA SETTLER,13.0,6.5,19.19,0.7395,28.8739,-21.584,-741.584,2.962,0.652,16.400365853658535,-0.7475263126906999,84.5,375.3607
NEBRASKA SETTLER,5.0,6.5,19.19,0.841,10.8727,5.054,-354.946,3.615,0.702,16.400365853658535,0.4648339418911586,32.5,54.3635
NEBRASKA SETTLER,6.0,6.5,19.19,0.841,14.1549,-59.396,-419.396,3.555,0.758,16.400365853658535,-4.196144091445365,39.0,84.9294
NEBRASKA SETTLER,7.0,6.5,19.19,0.841,17.2656,-117.8,-477.8,3.472,0.782,16.400365853658535,-6.8228153090538415,45.5,120.8592
NEBRASKA SETTLER,8.0,6.5,19.19,0.841,20.2646,178.108,-541.892,3.445,0.8,16.400365853658535,8.789119943152098,52.0,162.1168
NEBRASKA SETTLER,9.0,6.5,19.19,0.841,22.6154,116.971,-603.029,3.411,0.789,16.400365853658535,5.172183556337717,58.5,203.5386
NEBRASKA SETTLER,10.0,6.5,19.19,0.841,24.7314,51.162,-668.838,3.406,0.778,16.400365853658535,2.068706179189209,65.0,247.314
NEBRASKA SETTLER,11.0,6.5,19.19,0.841,26.558,-5.003,-725.003,3.362,0.754,16.400365853658535,-0.1883801491076135,71.5,292.138
NEBRASKA SETTLER,12.0,6.5,19.19,0.841,28.1787,-59.591,-779.591,3.32,0.73,16.400365853658535,-2.114753342063332,78.0,338.1444
NEBRASKA SETTLER,13.0,6.5,19.19,0.841,29.3704,-108.405,-828.405,3.265,0.697,16.400365853658535,-3.6909609675046986,84.5,381.8152
NEBRASKA SETTLER,5.0,6.5,19.19,0.8877,12.0065,-11.466,-371.466,3.771,0.793,16.400365853658535,-0.954982717694582,32.5,60.032500000000006
NEBRASKA SETTLER,6.0,6.5,19.19,0.8877,15.5978,-80.67,-440.67,3.722,0.852,16.400365853658535,-5.171883214299453,39.0,93.5868
NEBRASKA SETTLER,7.0,6.5,19.19,0.8877,18.786,-144.134,-504.134,3.648,0.871,16.400365853658535,-7.672415628659639,45.5,131.502
NEBRASKA SETTLER,8.0,6.5,19.19,0.8877,21.4116,147.45,-572.55,3.626,0.867,16.400365853658535,6.886454071624726,52.0,171.2928
NEBRASKA SETTLER,9.0,6.5,19.19,0.8877,22.9748,84.803,-635.197,3.582,0.822,16.400365853658535,3.691131152393057,58.5,206.7732
NEBRASKA SETTLER,10.0,6.5,19.19,0.8877,24.2934,19.199,-700.801,3.562,0.782,16.400365853658535,0.7902969530819072,65.0,242.934
NEBRASKA SETTLER,11.0,6.5,19.19,0.8877,26.0206,-37.238,-757.238,3.504,0.753,16.400365853658535,-1.4310969001483438,71.5,286.2266
NEBRASKA SETTLER,12.0,6.5,19.19,0.8877,28.4043,-92.52,-812.52,3.45,0.745,16.400365853658535,-3.257253303197051,78.0,340.8516
NEBRASKA SETTLER,6.0,4.4,21.36,0.6736,8.336,104.91,-255.09,3.229,0.626,16.400365853658535,12.585172744721689,26.4,50.016000000000005
NEBRASKA SETTLER,7.0,4.4,21.36,0.6736,9.897,71.612,-288.388,3.138,0.629,16.400365853658535,7.235727998383347,30.800000000000004,69.279
NEBRASKA SETTLER,8.0,4.4,21.36,0.6736,11.5351,36.252,-323.748,3.088,0.637,16.400365853658535,3.1427555894617303,35.2,92.2808
NEBRASKA SETTLER,9.0,4.4,21.36,0.6736,13.0729,4.219,-355.781,3.025,0.635,16.400365853658535,0.3227286982995357,39.6,117.6561
NEBRASKA SETTLER,10.0,4.4,21.36,0.6736,14.751,-29.729,-389.729,2.987,0.641,16.400365853658535,-2.015388787200868,44.0,147.51
NEBRASKA SETTLER,11.0,4.4,21.36,0.6736,16.3062,-60.855,-420.855,2.94,0.638,16.400365853658535,-3.732016042977517,48.400000000000006,179.3682
NEBRASKA SETTLER,12.0,4.4,21.36,0.6736,17.9926,-95.087,-455.087,2.917,0.643,16.400365853658535,-5.284783744428266,52.8,215.9112
NEBRASKA SETTLER,13.0,4.4,21.36,0.6736,19.6593,-127.517,-487.517,2.889,0.646,16.400365853658535,-6.486344885117984,57.2,255.5709
NEBRASKA SETTLER,14.0,4.4,21.36,0.6736,21.8303,-163.423,-523.423,2.88,0.664,16.400365853658535,-7.48606294920363,61.60000000000001,305.62420000000003
NEBRASKA SETTLER,15.0,4.4,21.36,0.6736,24.1522,163.581,-556.419,2.858,0.684,16.400365853658535,6.7729233775805096,66.0,362.283
NEBRASKA SETTLER,16.0,4.4,21.36,0.6736,26.9357,130.139,-589.862,2.84,0.714,16.400365853658535,4.831469016955194,70.4,430.9712
NEBRASKA SETTLER,6.0,4.4,21.36,0.7813,10.0891,63.413,-296.587,3.705,0.814,16.400365853658535,6.285297994865746,26.4,60.5346
NEBRASKA SETTLER,7.0,4.4,21.36,0.7813,12.111,25.494,-334.506,3.583,0.823,16.400365853658535,2.105028486499876,30.800000000000004,84.777
NEBRASKA SETTLER,8.0,4.4,21.36,0.7813,14.1549,-13.8,-373.8,3.504,0.833,16.400365853658535,-0.9749274102960812,35.2,113.2392
NEBRASKA SETTLER,9.0,4.4,21.36,0.7813,15.9721,-49.285,-409.285,3.415,0.825,16.400365853658535,-3.085693177478228,39.6,143.7489
NEBRASKA SETTLER,10.0,4.4,21.36,0.7813,17.9239,-87.377,-447.377,3.362,0.827,16.400365853658535,-4.874887719748492,44.0,179.239
NEBRASKA SETTLER,11.0,4.4,21.36,0.7813,19.7433,-122.553,-482.553,3.302,0.822,16.400365853658535,-6.207320964580389,48.400000000000006,217.17630000000003
NEBRASKA SETTLER,12.0,4.4,21.36,0.7813,21.8303,-160.979,-520.979,3.269,0.827,16.400365853658535,-7.374108463923996,52.8,261.96360000000004
NEBRASKA SETTLER,13.0,4.4,21.36,0.7813,23.7417,163.128,-556.872,3.229,0.827,16.400365853658535,6.870948584136771,57.2,308.6421
NEBRASKA SETTLER,14.0,4.4,21.36,0.7813,26.0206,123.584,-596.416,3.211,0.84,16.400365853658535,4.749467729414387,61.60000000000001,364.2884
NEBRASKA SETTLER,15.0,4.4,21.36,0.7813,28.4043,86.508,-633.492,3.184,0.85,16.400365853658535,3.045595209176075,66.0,426.0645
NEBRASKA SETTLER,5.0,4.4,21.36,0.8471,8.5426,90.545,-269.455,4.038,0.862,16.400365853658535,10.59923208390888,22.0,42.713
NEBRASKA SETTLER,6.0,4.4,21.36,0.8471,10.8727,43.609,-316.391,3.943,0.906,16.400365853658535,4.010871264727252,26.4,65.2362
NEBRASKA SETTLER,7.0,4.4,21.36,0.8471,13.1122,2.77,-357.23,3.812,0.92,16.400365853658535,0.2112536416467107,30.800000000000004,91.7854
NEBRASKA SETTLER,8.0,4.4,21.36,0.8471,15.4423,-39.346,-399.346,3.726,0.94,16.400365853658535,-2.5479365120480755,35.2,123.5384
NEBRASKA SETTLER,9.0,4.4,21.36,0.8471,17.5885,-77.189,-437.189,3.627,0.938,16.400365853658535,-4.388606191545612,39.6,158.2965
NEBRASKA SETTLER,10.0,4.4,21.36,0.8471,19.9136,-117.839,-477.839,3.567,0.948,16.400365853658535,-5.91751365900691,44.0,199.136
NEBRASKA SETTLER,11.0,4.4,21.36,0.8471,22.1581,-155.535,-515.535,3.5,0.948,16.400365853658535,-7.019329274621921,48.400000000000006,243.7391
NEBRASKA SETTLER,12.0,4.4,21.36,0.8471,24.583,163.124,-556.876,3.465,0.962,16.400365853658535,6.635642517186674,52.8,294.996
NEBRASKA SETTLER,13.0,4.4,21.36,0.8471,26.9357,124.529,-595.471,3.42,0.969,16.400365853658535,4.6231952390322135,57.2,350.1641
NEBRASKA SETTLER,14.0,4.4,21.36,0.8471,29.6297,82.447,-637.553,3.399,0.987,16.400365853658535,2.782579641373352,61.60000000000001,414.8158
NEBRASKA OVERLAND,6.0,8.9,11.61,0.7454,8.3815,-28.221,-388.221,2.571,0.277,16.40198795180723,-3.367058402433932,53.400000000000006,50.289
NEBRASKA OVERLAND,7.0,8.9,11.61,0.7454,9.897,-86.644,-446.644,2.544,0.279,16.40198795180723,-8.7545720925533,62.3,69.279
NEBRASKA OVERLAND,8.0,8.9,11.61,0.7454,11.3086,-149.524,-509.524,2.541,0.278,16.40198795180723,-13.222149514528766,71.2,90.4688
NEBRASKA OVERLAND,9.0,8.9,11.61,0.7454,12.3597,153.424,-566.576,2.519,0.27,16.40198795180723,12.413246276204116,80.10000000000001,111.2373
NEBRASKA OVERLAND,10.0,8.9,11.61,0.7454,13.3917,93.314,-626.686,2.511,0.263,16.40198795180723,6.968047372626328,89.0,133.917
NEBRASKA OVERLAND,11.0,8.9,11.61,0.7454,14.334,39.026,-680.974,2.489,0.254,16.40198795180723,2.722617552671969,97.9,157.674
NEBRASKA OVERLAND,12.0,8.9,11.61,0.7454,15.4423,-20.157,-740.157,2.482,0.251,16.40198795180723,-1.3053107373901556,106.8,185.3076
NEBRASKA OVERLAND,13.0,8.9,11.61,0.7454,16.6537,-76.744,-796.744,2.471,0.249,16.40198795180723,-4.608225199204981,115.7,216.4981
NEBRASKA OVERLAND,14.0,8.9,11.61,0.7454,18.4164,-140.393,-860.393,2.475,0.255,16.40198795180723,-7.623259703307921,124.6,257.8296
NEBRASKA OVERLAND,15.0,8.9,11.61,0.7454,20.2646,160.734,-919.266,2.47,0.262,16.40198795180723,7.931762778441223,133.5,303.96900000000005
NEBRASKA OVERLAND,16.0,8.9,11.61,0.7454,22.1581,100.734,-979.266,2.467,0.269,16.40198795180723,4.546147909793709,142.4,354.5296
NEBRASKA OVERLAND,17.0,8.9,11.61,0.7454,23.098,49.709,-1030.291,2.45,0.263,16.40198795180723,2.152091090137674,151.3,392.666
NEBRASKA OVERLAND,18.0,8.9,11.61,0.7454,22.9748,-4.977,-1084.977,2.441,0.246,16.40198795180723,-0.2166286540035169,160.20000000000002,413.5464
NEBRASKA OVERLAND,6.0,8.9,11.61,0.8152,8.8258,-49.999,-409.999,2.681,0.298,16.40198795180723,-5.665095515420699,53.400000000000006,52.95479999999999
NEBRASKA OVERLAND,7.0,8.9,11.61,0.8152,10.3425,-110.172,-470.172,2.645,0.297,16.40198795180723,-10.652356780275564,62.3,72.3975
NEBRASKA OVERLAND,8.0,8.9,11.61,0.8152,11.8013,-175.902,-535.902,2.64,0.297,16.40198795180723,-14.905307042444475,71.2,94.4104
NEBRASKA OVERLAND,9.0,8.9,11.61,0.8152,13.0339,123.537,-596.463,2.618,0.29,16.40198795180723,9.478130106875147,80.10000000000001,117.3051
NEBRASKA OVERLAND,10.0,8.9,11.61,0.8152,14.2889,59.527,-660.473,2.612,0.285,16.40198795180723,4.165960990699074,89.0,142.889
NEBRASKA OVERLAND,11.0,8.9,11.61,0.8152,15.2894,2.304,-717.696,2.588,0.277,16.40198795180723,0.150692636728714,97.9,168.1834
NEBRASKA OVERLAND,12.0,8.9,11.61,0.8152,16.3062,-59.083,-779.083,2.578,0.27,16.40198795180723,-3.623345721259398,106.8,195.6744
NEBRASKA OVERLAND,13.0,8.9,11.61,0.8152,17.3292,-116.867,-836.867,2.562,0.264,16.40198795180723,-6.743935092214297,115.7,225.2796
NEBRASKA OVERLAND,14.0,8.9,11.61,0.8152,18.786,179.048,-900.952,2.561,0.266,16.40198795180723,9.530927286277016,124.6,263.004
NEBRASKA OVERLAND,15.0,8.9,11.61,0.8152,20.7242,120.229,-959.771,2.55,0.272,16.40198795180723,5.801381959255363,133.5,310.863
NEBRASKA OVERLAND,16.0,8.9,11.61,0.8152,22.8534,59.702,-1020.298,2.543,0.282,16.40198795180723,2.612390278908171,142.4,365.6544
NEBRASKA OVERLAND,17.0,8.9,11.61,0.8152,24.1522,6.659,-1073.341,2.524,0.279,16.40198795180723,0.275709873220659,151.3,410.5874
NEBRASKA OVERLAND,18.0,8.9,11.61,0.8152,24.437,-53.031,-1133.031,2.519,0.267,16.40198795180723,-2.170110897409665,160.20000000000002,439.866
NEBRASKA OVERLAND,6.0,8.9,11.61,0.8383,9.2688,-58.288,-418.288,2.723,0.315,16.40198795180723,-6.288624201622647,53.400000000000006,55.61280000000001
NEBRASKA OVERLAND,7.0,8.9,11.61,0.8383,10.782,-119.767,-479.767,2.686,0.312,16.40198795180723,-11.10805045446114,62.3,75.474
NEBRASKA OVERLAND,8.0,8.9,11.61,0.8383,12.2167,173.232,-546.768,2.681,0.309,16.40198795180723,14.179934024736632,71.2,97.7336
NEBRASKA OVERLAND,9.0,8.9,11.61,0.8383,13.4324,111.812,-608.188,2.657,0.301,16.40198795180723,8.324052291474345,80.10000000000001,120.8916
NEBRASKA OVERLAND,10.0,8.9,11.61,0.8383,14.6097,47.096,-672.904,2.649,0.294,16.40198795180723,3.2236117100282686,89.0,146.097
NEBRASKA OVERLAND,11.0,8.9,11.61,0.8383,15.6503,-10.839,-730.839,2.623,0.285,16.40198795180723,-0.6925745832348262,97.9,172.1533
NEBRASKA OVERLAND,12.0,8.9,11.61,0.8383,16.7129,-73.139,-793.139,2.613,0.279,16.40198795180723,-4.376200420034823,106.8,200.5548
NEBRASKA OVERLAND,13.0,8.9,11.61,0.8383,17.8558,-131.763,-851.763,2.596,0.274,16.40198795180723,-7.379282922075741,115.7,232.1254
NEBRASKA OVERLAND,14.0,8.9,11.61,0.8383,19.4939,163.168,-916.833,2.595,0.277,16.40198795180723,8.370208116385125,124.6,272.9146
NEBRASKA OVERLAND,15.0,8.9,11.61,0.8383,21.31,103.206,-976.795,2.584,0.283,16.40198795180723,4.843078366963868,133.5,319.65
NEBRASKA OVERLAND,16.0,8.9,11.61,0.8383,23.4785,41.197,-1038.803,2.577,0.292,16.40198795180723,1.7546691654066486,142.4,375.656
NEBRASKA OVERLAND,17.0,8.9,11.61,0.8383,24.8825,-12.884,-1092.884,2.558,0.29,16.40198795180723,-0.5177936300612881,151.3,423.0025
NEBRASKA OVERLAND,18.0,8.9,11.61,0.8383,25.3521,-72.76,-1152.76,2.551,0.278,16.40198795180723,-2.8699792127673844,160.20000000000002,456.3378
NEBRASKA OVERLAND,5.0,7.7,14.63,0.7512,8.1565,47.644,-312.356,2.796,0.39,16.40198795180723,5.841230920125054,38.5,40.7825
NEBRASKA OVERLAND,6.0,7.7,14.63,0.7512,10.229,-10.712,-370.712,2.77,0.407,16.40198795180723,-1.047218691954248,46.2,61.374
NEBRASKA OVERLAND,7.0,7.7,14.63,0.7512,12.111,-65.017,-425.017,2.731,0.409,16.40198795180723,-5.36842539839815,53.9,84.777
NEBRASKA OVERLAND,8.0,7.7,14.63,0.7512,14.0229,-124.597,-484.597,2.725,0.415,16.40198795180723,-8.88525198068873,61.6,112.1832
NEBRASKA OVERLAND,9.0,7.7,14.63,0.7512,15.7031,-179.224,-539.224,2.702,0.411,16.40198795180723,-11.413287822149767,69.3,141.3279
NEBRASKA OVERLAND,10.0,7.7,14.63,0.7512,17.3292,124.088,-595.912,2.69,0.407,16.40198795180723,7.160630611915148,77.0,173.292
NEBRASKA OVERLAND,11.0,7.7,14.63,0.7512,18.4891,74.601,-645.399,2.659,0.393,16.40198795180723,4.034863784608229,84.7,203.3801
NEBRASKA OVERLAND,12.0,7.7,14.63,0.7512,19.5762,21.574,-698.426,2.643,0.38,16.40198795180723,1.1020524923120931,92.4,234.9144
NEBRASKA OVERLAND,13.0,7.7,14.63,0.7512,20.7242,-29.347,-749.347,2.624,0.37,16.40198795180723,-1.4160739618417115,100.1,269.4146
NEBRASKA OVERLAND,14.0,7.7,14.63,0.7512,22.7335,-86.814,-806.814,2.623,0.376,16.40198795180723,-3.8187696571139504,107.8,318.269
NEBRASKA OVERLAND,15.0,7.7,14.63,0.7512,25.1927,-140.054,-860.054,2.612,0.388,16.40198795180723,-5.559308847404209,115.5,377.8905
NEBRASKA OVERLAND,16.0,7.7,14.63,0.7512,27.9588,164.795,-915.205,2.606,0.403,16.40198795180723,5.894208621256992,123.2,447.3408
NEBRASKA OVERLAND,17.0,7.7,14.63,0.7512,29.1186,115.453,-964.547,2.59,0.396,16.40198795180723,3.9649227641438807,130.9,495.0162
NEBRASKA OVERLAND,18.0,7.7,14.63,0.7512,28.636,58.664,-1021.336,2.592,0.368,16.40198795180723,2.048610141081157,138.6,515.448
NEBRASKA OVERLAND,5.0,7.7,14.63,0.8049,8.8258,25.388,-334.612,2.957,0.435,16.40198795180723,2.876566430238619,38.5,44.129
NEBRASKA OVERLAND,6.0,7.7,14.63,0.8049,11.0259,-36.848,-396.848,2.927,0.45,16.40198795180723,-3.341949410025485,46.2,66.1554
NEBRASKA OVERLAND,7.0,7.7,14.63,0.8049,12.9563,-94.602,-454.602,2.882,0.45,16.40198795180723,-7.301621604933508,53.9,90.6941
NEBRASKA OVERLAND,8.0,7.7,14.63,0.8049,14.8945,-157.894,-517.894,2.874,0.452,16.40198795180723,-10.60082580818423,61.6,119.156
NEBRASKA OVERLAND,9.0,7.7,14.63,0.8049,16.4782,143.862,-576.138,2.848,0.443,16.40198795180723,8.730443859159374,69.3,148.30380000000002
NEBRASKA OVERLAND,10.0,7.7,14.63,0.8049,18.0618,83.007,-636.993,2.837,0.436,16.40198795180723,4.595721356675415,77.0,180.618
NEBRASKA OVERLAND,11.0,7.7,14.63,0.8049,19.3315,29.789,-690.211,2.804,0.421,16.40198795180723,1.5409564700100873,84.7,212.6465
NEBRASKA OVERLAND,12.0,7.7,14.63,0.8049,20.5374,-26.389,-746.389,2.784,0.409,16.40198795180723,-1.2849240897095056,92.4,246.4488
NEBRASKA OVERLAND,13.0,7.7,14.63,0.8049,21.8303,-79.342,-799.342,2.759,0.399,16.40198795180723,-3.6344896771917927,100.1,283.7939
NEBRASKA OVERLAND,14.0,7.7,14.63,0.8049,23.7417,-138.58,-858.58,2.753,0.402,16.40198795180723,-5.8369872418571545,107.8,332.3838
NEBRASKA OVERLAND,15.0,7.7,14.63,0.8049,26.0206,167.068,-912.932,2.736,0.411,16.40198795180723,6.420605212792941,115.5,390.309
NEBRASKA OVERLAND,16.0,7.7,14.63,0.8049,28.636,112.078,-967.922,2.722,0.423,16.40198795180723,3.913884620757089,123.2,458.176
NEBRASKA OVERLAND,17.0,7.7,14.63,0.8049,29.897,64.291,-1015.709,2.696,0.414,16.40198795180723,2.1504164297421147,130.9,508.249
NEBRASKA OVERLAND,18.0,7.7,14.63,0.8049,29.897,8.486,-1071.514,2.69,0.389,16.40198795180723,0.2838411880790715,138.6,538.146
NEBRASKA OVERLAND,5.0,7.7,14.63,0.8339,9.3449,15.298,-344.702,3.031,0.467,16.40198795180723,1.6370426649830387,38.5,46.724500000000006
NEBRASKA OVERLAND,6.0,7.7,14.63,0.8339,11.634,-48.658,-408.658,2.998,0.481,16.40198795180723,-4.182396424273681,46.2,69.804
NEBRASKA OVERLAND,7.0,7.7,14.63,0.8339,13.5971,-108.151,-468.151,2.952,0.478,16.40198795180723,-7.953975480065602,53.9,95.1797
NEBRASKA OVERLAND,8.0,7.7,14.63,0.8339,15.4938,-173.308,-533.308,2.944,0.475,16.40198795180723,-11.185635544540396,61.6,123.9504
NEBRASKA OVERLAND,9.0,7.7,14.63,0.8339,17.0156,126.998,-593.002,2.916,0.462,16.40198795180723,7.46362161780954,69.3,153.1404
NEBRASKA OVERLAND,10.0,7.7,14.63,0.8339,18.4891,64.936,-655.064,2.903,0.451,16.40198795180723,3.512123359168376,77.0,184.891
NEBRASKA OVERLAND,11.0,7.7,14.63,0.8339,19.7433,10.801,-709.199,2.866,0.436,16.40198795180723,0.5470716648179382,84.7,217.17630000000003
NEBRASKA OVERLAND,12.0,7.7,14.63,0.8339,21.1103,-46.191,-766.191,2.844,0.424,16.40198795180723,-2.18807880513304,92.4,253.3236
NEBRASKA OVERLAND,13.0,7.7,14.63,0.8339,22.3837,-99.728,-819.728,2.815,0.414,16.40198795180723,-4.455384945295013,100.1,290.98810000000003
NEBRASKA OVERLAND,14.0,7.7,14.63,0.8339,24.2934,-159.722,-879.722,2.807,0.417,16.40198795180723,-6.574707533733442,107.8,340.1076
NEBRASKA OVERLAND,15.0,7.7,14.63,0.8339,26.7448,144.842,-935.158,2.789,0.425,16.40198795180723,5.415706978552841,115.5,401.172
NEBRASKA OVERLAND,16.0,7.7,14.63,0.8339,29.3704,88.607,-991.393,2.774,0.437,16.40198795180723,3.016880941355923,123.2,469.9264
NEBRASKA OVERLAND,5.0,7.7,17.36,0.6992,9.9788,32.112,-327.888,2.903,0.488,16.40198795180723,3.218022207079008,38.5,49.894
NEBRASKA OVERLAND,6.0,7.7,17.36,0.6992,12.6529,-28.12,-388.12,2.868,0.512,16.40198795180723,-2.222415414648025,46.2,75.9174
NEBRASKA OVERLAND,7.0,7.7,17.36,0.6992,15.0405,-84.155,-444.155,2.821,0.517,16.40198795180723,-5.595226222532496,53.9,105.2835
NEBRASKA OVERLAND,8.0,7.7,17.36,0.6992,17.3933,-145.763,-505.763,2.812,0.523,16.40198795180723,-8.38041084785521,61.6,139.1464
NEBRASKA OVERLAND,9.0,7.7,17.36,0.6992,19.3315,157.471,-562.529,2.787,0.513,16.40198795180723,8.145824172981921,69.3,173.9835
NEBRASKA OVERLAND,10.0,7.7,17.36,0.6992,21.2096,98.722,-621.278,2.774,0.505,16.40198795180723,4.654590374170187,77.0,212.096
NEBRASKA OVERLAND,11.0,7.7,17.36,0.6992,22.7335,48.693,-671.307,2.735,0.491,16.40198795180723,2.1419051179976685,84.7,250.0685
NEBRASKA OVERLAND,12.0,7.7,17.36,0.6992,24.437,-2.48,-722.48,2.707,0.481,16.40198795180723,-0.1014854523877726,92.4,293.244
NEBRASKA OVERLAND,13.0,7.7,17.36,0.6992,26.1961,-50.537,-770.537,2.674,0.471,16.40198795180723,-1.929180297830593,100.1,340.5493
NEBRASKA OVERLAND,14.0,7.7,17.36,0.6992,28.636,-105.967,-825.967,2.663,0.479,16.40198795180723,-3.700481910881408,107.8,400.904
NEBRASKA OVERLAND,5.0,7.7,17.36,0.7695,11.3406,-2.944,-362.944,3.162,0.578,16.40198795180723,-0.2595982575877819,38.5,56.703
NEBRASKA OVERLAND,6.0,7.7,17.36,0.7695,14.2889,-70.528,-430.528,3.127,0.605,16.40198795180723,-4.935859303375348,46.2,85.7334
NEBRASKA OVERLAND,7.0,7.7,17.36,0.7695,16.8933,-133.169,-493.169,3.077,0.607,16.40198795180723,-7.882947677481606,53.9,118.2531
NEBRASKA OVERLAND,8.0,7.7,17.36,0.7695,19.1721,159.343,-560.657,3.063,0.602,16.40198795180723,8.311191783894303,61.6,153.3768
NEBRASKA OVERLAND,9.0,7.7,17.36,0.7695,20.8192,98.72,-621.28,3.025,0.576,16.40198795180723,4.741776821395635,69.3,187.3728
NEBRASKA OVERLAND,10.0,7.7,17.36,0.7695,22.3837,36.488,-683.512,3.001,0.555,16.40198795180723,1.6301147710164092,77.0,223.837
NEBRASKA OVERLAND,11.0,7.7,17.36,0.7695,24.0132,-17.474,-737.474,2.953,0.537,16.40198795180723,-0.72768310762414,84.7,264.1452
NEBRASKA OVERLAND,12.0,7.7,17.36,0.7695,26.0206,-73.309,-793.309,2.919,0.532,16.40198795180723,-2.817344719184031,92.4,312.2472
NEBRASKA OVERLAND,13.0,7.7,17.36,0.7695,28.1787,-124.448,-844.448,2.876,0.528,16.40198795180723,-4.416385425871314,100.1,366.3231
NEBRASKA OVERLAND,5.0,7.7,17.36,0.8032,12.0065,-22.023,-382.023,3.308,0.627,16.40198795180723,-1.834256444425936,38.5,60.032500000000006
NEBRASKA OVERLAND,6.0,7.7,17.36,0.8032,15.0897,-94.864,-454.864,3.282,0.653,16.40198795180723,-6.286672365918474,46.2,90.5382
NEBRASKA OVERLAND,7.0,7.7,17.36,0.8032,17.5885,-161.911,-521.911,3.233,0.648,16.40198795180723,-9.205503596099724,53.9,123.1195
NEBRASKA OVERLAND,8.0,7.7,17.36,0.8032,19.6593,128.158,-591.842,3.211,0.633,16.40198795180723,6.51895031867869,61.6,157.2744
NEBRASKA OVERLAND,9.0,7.7,17.36,0.8032,21.2096,67.525,-652.475,3.157,0.599,16.40198795180723,3.1836998340374176,69.3,190.8864
NEBRASKA OVERLAND,10.0,7.7,17.36,0.8032,22.7335,5.63,-714.37,3.118,0.576,16.40198795180723,0.2476521433127323,77.0,227.335
NEBRASKA OVERLAND,11.0,7.7,17.36,0.8032,24.583,-49.451,-769.451,3.062,0.56,16.40198795180723,-2.0115933775373227,84.7,270.413
NEBRASKA OVERLAND,12.0,7.7,17.36,0.8032,27.1309,-108.21,-828.21,3.026,0.566,16.40198795180723,-3.9884412238443994,92.4,325.5708
NEBRASKA OVERLAND,5.0,6.5,18.81,0.7105,8.7067,62.232,-297.768,3.088,0.519,16.40198795180723,7.147598975501626,32.5,43.5335
NEBRASKA OVERLAND,6.0,6.5,18.81,0.7105,11.2133,9.047,-350.953,3.037,0.552,16.40198795180723,0.8068097705403405,39.0,67.2798
NEBRASKA OVERLAND,7.0,6.5,18.81,0.7105,13.5144,-39.183,-399.183,2.97,0.566,16.40198795180723,-2.8993518025217546,45.5,94.6008
NEBRASKA OVERLAND,8.0,6.5,18.81,0.7105,16.082,-92.256,-452.256,2.946,0.587,16.40198795180723,-5.736599925382415,52.0,128.656
NEBRASKA OVERLAND,9.0,6.5,18.81,0.7105,18.6363,-142.093,-502.093,2.911,0.6,16.40198795180723,-7.624528473999668,58.5,167.7267
NEBRASKA OVERLAND,10.0,6.5,18.81,0.7105,21.4116,164.909,-555.091,2.897,0.619,16.40198795180723,7.701853201068579,65.0,214.116
NEBRASKA OVERLAND,11.0,6.5,18.81,0.7105,23.4785,118.268,-601.732,2.862,0.614,16.40198795180723,5.037289435015014,71.5,258.2635
NEBRASKA OVERLAND,12.0,6.5,18.81,0.7105,24.8825,68.401,-651.599,2.846,0.596,16.40198795180723,2.7489601125288856,78.0,298.59000000000003
NEBRASKA OVERLAND,13.0,6.5,18.81,0.7105,26.0206,20.789,-699.211,2.826,0.574,16.40198795180723,0.7989439136684012,84.5,338.2678
NEBRASKA OVERLAND,14.0,6.5,18.81,0.7105,27.9588,-31.106,-751.106,2.82,0.571,16.40198795180723,-1.1125656322875088,91.0,391.4232
NEBRASKA OVERLAND,5.0,6.5,18.81,0.7774,9.8699,36.085,-323.915,3.323,0.611,16.40198795180723,3.656065410997072,32.5,49.3495
NEBRASKA OVERLAND,6.0,6.5,18.81,0.7774,12.7278,-21.79,-381.79,3.265,0.651,16.40198795180723,-1.712000502836311,39.0,76.3668
NEBRASKA OVERLAND,7.0,6.5,18.81,0.7774,15.391,-74.184,-434.184,3.188,0.667,16.40198795180723,-4.819959716717562,45.5,107.737
NEBRASKA OVERLAND,8.0,6.5,18.81,0.7774,18.0618,-132.153,-492.153,3.163,0.683,16.40198795180723,-7.316712620004649,52.0,144.4944
NEBRASKA OVERLAND,9.0,6.5,18.81,0.7774,20.4455,171.933,-548.067,3.134,0.685,16.40198795180723,8.409332126873885,58.5,184.0095
NEBRASKA OVERLAND,10.0,6.5,18.81,0.7774,22.9748,110.641,-609.36,3.135,0.692,16.40198795180723,4.815754652924074,65.0,229.748
NEBRASKA OVERLAND,11.0,6.5,18.81,0.7774,25.0362,57.051,-662.949,3.105,0.682,16.40198795180723,2.278740383924078,71.5,275.39820000000003
NEBRASKA OVERLAND,12.0,6.5,18.81,0.7774,26.7448,3.671,-716.329,3.081,0.666,16.40198795180723,0.1372603272411833,78.0,320.93760000000003
NEBRASKA OVERLAND,13.0,6.5,18.81,0.7774,28.1787,-44.313,-764.313,3.042,0.641,16.40198795180723,-1.572570771540206,84.5,366.3231
NEBRASKA OVERLAND,14.0,6.5,18.81,0.7774,29.897,-97.296,-817.296,3.024,0.633,16.40198795180723,-3.254373348496505,91.0,418.558
NEBRASKA OVERLAND,5.0,6.5,18.81,0.8291,10.6331,19.439,-340.561,3.477,0.673,16.40198795180723,1.8281592386039816,32.5,53.1655
NEBRASKA OVERLAND,6.0,6.5,18.81,0.8291,13.5971,-41.549,-401.549,3.416,0.711,16.40198795180723,-3.0557251178560136,39.0,81.5826
NEBRASKA OVERLAND,7.0,6.5,18.81,0.8291,16.3631,-97.066,-457.066,3.336,0.725,16.40198795180723,-5.932005549070776,45.5,114.5417
NEBRASKA OVERLAND,8.0,6.5,18.81,0.8291,19.0935,-158.284,-518.284,3.31,0.74,16.40198795180723,-8.28994160316338,52.0,152.748
NEBRASKA OVERLAND,9.0,6.5,18.81,0.8291,21.4116,142.936,-577.064,3.279,0.734,16.40198795180723,6.675633768611407,58.5,192.7044
NEBRASKA OVERLAND,10.0,6.5,18.81,0.8291,23.7417,78.628,-641.372,3.28,0.731,16.40198795180723,3.3118100220287507,65.0,237.41700000000003
NEBRASKA OVERLAND,11.0,6.5,18.81,0.8291,25.5145,22.393,-697.607,3.249,0.713,16.40198795180723,0.8776578024260714,71.5,280.65950000000004
NEBRASKA OVERLAND,12.0,6.5,18.81,0.8291,27.3306,-33.319,-753.319,3.22,0.695,16.40198795180723,-1.2191097158496338,78.0,327.9672
NEBRASKA OVERLAND,13.0,6.5,18.81,0.8291,28.636,-82.343,-802.343,3.174,0.67,16.40198795180723,-2.8755063556362623,84.5,372.268
NEBRASKA OVERLAND,6.0,4.4,21.63,0.6531,8.2458,114.056,-245.944,3.126,0.61,16.40198795180723,13.832011448252445,26.4,49.4748
NEBRASKA OVERLAND,7.0,4.4,21.63,0.6531,9.6034,82.205,-277.795,3.039,0.601,16.40198795180723,8.559989170502114,30.800000000000004,67.22380000000001
NEBRASKA OVERLAND,8.0,4.4,21.63,0.6531,11.3406,47.05,-312.95,2.999,0.616,16.40198795180723,4.1488104685819085,35.2,90.7248
NEBRASKA OVERLAND,9.0,4.4,21.63,0.6531,13.0729,17.085,-342.915,2.931,0.625,16.40198795180723,1.3069020645763374,39.6,117.6561
NEBRASKA OVERLAND,10.0,4.4,21.63,0.6531,14.7036,-14.057,-374.057,2.885,0.627,16.40198795180723,-0.9560243749829974,44.0,147.036
NEBRASKA OVERLAND,11.0,4.4,21.63,0.6531,16.1375,-44.327,-404.327,2.843,0.623,16.40198795180723,-2.746831913245546,48.400000000000006,177.5125
NEBRASKA OVERLAND,12.0,4.4,21.63,0.6531,18.0618,-77.237,-437.237,2.821,0.635,16.40198795180723,-4.276262609485212,52.8,216.7416
NEBRASKA OVERLAND,13.0,4.4,21.63,0.6531,19.828,-107.463,-467.463,2.79,0.64,16.40198795180723,-5.419759935444826,57.2,257.764
NEBRASKA OVERLAND,14.0,4.4,21.63,0.6531,22.0475,-142.333,-502.333,2.782,0.66,16.40198795180723,-6.455743281551197,61.60000000000001,308.665
NEBRASKA OVERLAND,15.0,4.4,21.63,0.6531,24.8825,-173.65,-533.65,2.759,0.692,16.40198795180723,-6.978800361699991,66.0,373.2375
NEBRASKA OVERLAND,16.0,4.4,21.63,0.6531,27.9588,158.133,-561.867,2.725,0.725,16.40198795180723,5.655929439031718,70.4,447.3408
NEBRASKA OVERLAND,6.0,4.4,21.63,0.7305,9.2185,88.472,-271.528,3.412,0.714,16.40198795180723,9.59722297553832,26.4,55.31100000000001
NEBRASKA OVERLAND,7.0,4.4,21.63,0.7305,10.8424,54.025,-305.975,3.304,0.708,16.40198795180723,4.982752896037778,30.800000000000004,75.8968
NEBRASKA OVERLAND,8.0,4.4,21.63,0.7305,12.6529,16.151,-343.849,3.252,0.718,16.40198795180723,1.2764662646507914,35.2,101.2232
NEBRASKA OVERLAND,9.0,4.4,21.63,0.7305,14.5168,-17.147,-377.147,3.177,0.724,16.40198795180723,-1.1811831808663065,39.6,130.6512
NEBRASKA OVERLAND,10.0,4.4,21.63,0.7305,16.4205,-51.682,-411.682,3.125,0.729,16.40198795180723,-3.147407204409123,44.0,164.205
NEBRASKA OVERLAND,11.0,4.4,21.63,0.7305,18.1316,-84.556,-444.556,3.074,0.726,16.40198795180723,-4.663460477839793,48.400000000000006,199.4476
NEBRASKA OVERLAND,12.0,4.4,21.63,0.7305,20.1755,-120.458,-480.458,3.048,0.738,16.40198795180723,-5.970508785408044,52.8,242.106
NEBRASKA OVERLAND,13.0,4.4,21.63,0.7305,22.0475,-153.388,-513.388,3.01,0.741,16.40198795180723,-6.957160675813585,57.2,286.6175
NEBRASKA OVERLAND,14.0,4.4,21.63,0.7305,24.1522,168.302,-551.698,3.003,0.755,16.40198795180723,6.968392113347852,61.60000000000001,338.1308
NEBRASKA OVERLAND,15.0,4.4,21.63,0.7305,26.9357,132.318,-587.682,2.984,0.783,16.40198795180723,4.912365373834725,66.0,404.0355
NEBRASKA OVERLAND,6.0,4.4,21.63,0.7811,10.1448,69.142,-290.858,3.634,0.811,16.40198795180723,6.815511395000394,26.4,60.8688
NEBRASKA OVERLAND,7.0,4.4,21.63,0.7811,12.0065,32.856,-327.144,3.508,0.807,16.40198795180723,2.736517719568567,30.800000000000004,84.0455
NEBRASKA OVERLAND,8.0,4.4,21.63,0.7811,13.9794,-6.919,-366.919,3.444,0.816,16.40198795180723,-0.494942558335837,35.2,111.8352
NEBRASKA OVERLAND,9.0,4.4,21.63,0.7811,16.0269,-42.317,-402.317,3.361,0.821,16.40198795180723,-2.6403733722678746,39.6,144.24210000000002
NEBRASKA OVERLAND,10.0,4.4,21.63,0.7811,18.1316,-78.799,-438.799,3.301,0.831,16.40198795180723,-4.345948509784024,44.0,181.316
NEBRASKA OVERLAND,11.0,4.4,21.63,0.7811,20.0873,-113.295,-473.295,3.242,0.827,16.40198795180723,-5.640130828931714,48.400000000000006,220.9603
NEBRASKA OVERLAND,12.0,4.4,21.63,0.7811,22.3837,-151.258,-511.258,3.211,0.84,16.40198795180723,-6.7575065784477095,52.8,268.6044
NEBRASKA OVERLAND,13.0,4.4,21.63,0.7811,24.437,174.562,-545.438,3.166,0.843,16.40198795180723,7.143348201497729,57.2,317.68100000000004
NEBRASKA OVERLAND,14.0,4.4,21.63,0.7811,26.558,135.014,-584.986,3.153,0.849,16.40198795180723,5.083741245575721,61.60000000000001,371.812
NEBRASKA OVERLAND,15.0,4.4,21.63,0.7811,29.1186,95.896,-624.104,3.138,0.868,16.40198795180723,3.2932901993914543,66.0,436.779
OKLAHOMA,7.0,8.9,10.26,0.8356,8.8499,-109.847,-469.847,2.646,0.255,15.352808988764046,-12.412230646673974,62.3,61.9493
OKLAHOMA,8.0,8.9,10.26,0.8356,10.1169,-176.223,-536.223,2.643,0.254,15.352808988764046,-17.418675681285773,71.2,80.9352
OKLAHOMA,9.0,8.9,10.26,0.8356,11.245,123.4,-596.6,2.621,0.25,15.352808988764046,10.97376611827479,80.10000000000001,101.205
OKLAHOMA,10.0,8.9,10.26,0.8356,12.3597,59.492,-660.508,2.614,0.247,15.352808988764046,4.813385438157884,89.0,123.597
OKLAHOMA,11.0,8.9,10.26,0.8356,13.2708,1.443,-718.557,2.592,0.24,15.352808988764046,0.1087349669952075,97.9,145.9788
OKLAHOMA,12.0,8.9,10.26,0.8356,14.1549,-61.788,-781.788,2.587,0.235,15.352808988764046,-4.365131509230019,106.8,169.8588
OKLAHOMA,13.0,8.9,10.26,0.8356,15.0897,-121.275,-841.275,2.574,0.23,15.352808988764046,-8.03693910415714,115.7,196.1661
OKLAHOMA,14.0,8.9,10.26,0.8356,16.4782,173.491,-906.509,2.575,0.234,15.352808988764046,10.528516464176914,124.6,230.6948
OKLAHOMA,15.0,8.9,10.26,0.8356,18.0618,114.066,-965.935,2.564,0.239,15.352808988764046,6.315317410224894,133.5,270.927
OKLAHOMA,16.0,8.9,10.26,0.8356,19.828,52.408,-1027.592,2.558,0.245,15.352808988764046,2.6431309259632845,142.4,317.248
OKLAHOMA,17.0,8.9,10.26,0.8356,20.9151,-1.854,-1081.854,2.541,0.243,15.352808988764046,-0.0886440896768363,151.3,355.5567
OKLAHOMA,18.0,8.9,10.26,0.8356,21.1103,-57.428,-1137.428,2.528,0.23,15.352808988764046,-2.72037820400468,160.20000000000002,379.9854
OKLAHOMA,7.0,8.9,10.26,0.9025,9.2436,-135.247,-495.247,2.757,0.271,15.352808988764046,-14.631420658617856,62.3,64.7052
OKLAHOMA,8.0,8.9,10.26,0.9025,10.5157,155.109,-564.891,2.753,0.27,15.352808988764046,14.750230607567731,71.2,84.1256
OKLAHOMA,9.0,8.9,10.26,0.9025,11.6672,91.539,-628.461,2.729,0.265,15.352808988764046,7.845841332967637,80.10000000000001,105.0048
OKLAHOMA,10.0,8.9,10.26,0.9025,12.8413,24.234,-695.766,2.721,0.262,15.352808988764046,1.8871921067181672,89.0,128.413
OKLAHOMA,11.0,8.9,10.26,0.9025,13.8074,-36.685,-756.685,2.697,0.255,15.352808988764046,-2.65690861422136,97.9,151.8814
OKLAHOMA,12.0,8.9,10.26,0.9025,14.7986,-102.66,-822.66,2.69,0.25,15.352808988764046,-6.937142702688091,106.8,177.5832
OKLAHOMA,13.0,8.9,10.26,0.9025,15.8097,-164.515,-884.515,2.674,0.246,15.352808988764046,-10.405953307146875,115.7,205.5261
OKLAHOMA,14.0,8.9,10.26,0.9025,17.2024,127.577,-952.423,2.674,0.249,15.352808988764046,7.416232618704367,124.6,240.8336
OKLAHOMA,15.0,8.9,10.26,0.9025,18.9384,65.326,-1014.674,2.662,0.254,15.352808988764046,3.4493938241878928,133.5,284.076
OKLAHOMA,16.0,8.9,10.26,0.9025,20.9151,0.196,-1079.804,2.657,0.263,15.352808988764046,0.0093712198363861,142.4,334.6416
OKLAHOMA,17.0,8.9,10.26,0.9025,22.3837,-56.884,-1136.884,2.638,0.265,15.352808988764046,-2.541313545124354,151.3,380.5229
OKLAHOMA,18.0,8.9,10.26,0.9025,23.223,-114.397,-1194.397,2.622,0.258,15.352808988764046,-4.926021616500883,160.20000000000002,418.014
OKLAHOMA,6.0,8.9,10.26,0.9205,8.201,-79.873,-439.873,2.837,0.285,15.352808988764046,-9.73942202170467,53.400000000000006,49.206
OKLAHOMA,7.0,8.9,10.26,0.9205,9.4474,-145.469,-505.469,2.802,0.279,15.352808988764046,-15.397781400173592,62.3,66.1318
OKLAHOMA,8.0,8.9,10.26,0.9205,10.6626,143.852,-576.148,2.797,0.275,15.352808988764046,13.491268546133217,71.2,85.3008
OKLAHOMA,9.0,8.9,10.26,0.9205,11.7005,79.43,-640.57,2.771,0.268,15.352808988764046,6.788598777830008,80.10000000000001,105.3045
OKLAHOMA,10.0,8.9,10.26,0.9205,12.8033,10.854,-709.146,2.763,0.263,15.352808988764046,0.8477501894042941,89.0,128.03300000000002
OKLAHOMA,11.0,8.9,10.26,0.9205,13.7649,-51.687,-771.687,2.739,0.256,15.352808988764046,-3.75498550661465,97.9,151.4139
OKLAHOMA,12.0,8.9,10.26,0.9205,14.8945,-119.507,-839.507,2.733,0.254,15.352808988764046,-8.023565745745074,106.8,178.734
OKLAHOMA,13.0,8.9,10.26,0.9205,16.1375,177.215,-902.785,2.717,0.253,15.352808988764046,10.981564678543766,115.7,209.7875
OKLAHOMA,14.0,8.9,10.26,0.9205,17.7211,107.97,-972.031,2.717,0.258,15.352808988764046,6.0927369068511545,124.6,248.0954
OKLAHOMA,15.0,8.9,10.26,0.9205,19.4939,44.264,-1035.736,2.705,0.264,15.352808988764046,2.2706590266698816,133.5,292.4085
OKLAHOMA,16.0,8.9,10.26,0.9205,21.4116,-23.097,-1103.097,2.701,0.272,15.352808988764046,-1.0787143417586729,142.4,342.5856
OKLAHOMA,17.0,8.9,10.26,0.9205,22.8534,-82.837,-1162.837,2.684,0.273,15.352808988764046,-3.624712296638575,151.3,388.5078
OKLAHOMA,18.0,8.9,10.26,0.9205,23.8764,-143.394,-1223.394,2.671,0.268,15.352808988764046,-6.0056792481278585,160.20000000000002,429.7752
OKLAHOMA,8.0,7.7,11.18,0.7917,9.0939,-85.754,-445.754,2.563,0.26,15.352808988764046,-9.42983758343505,61.6,72.7512
OKLAHOMA,9.0,7.7,11.18,0.7917,10.4576,-136.25,-496.25,2.543,0.265,15.352808988764046,-13.028802019583845,69.3,94.1184
OKLAHOMA,10.0,7.7,11.18,0.7917,11.7676,170.663,-549.337,2.535,0.268,15.352808988764046,14.502787314320678,77.0,117.676
OKLAHOMA,11.0,7.7,11.18,0.7917,12.6157,122.395,-597.606,2.515,0.26,15.352808988764046,9.70180013792338,84.7,138.7727
OKLAHOMA,12.0,7.7,11.18,0.7917,13.1515,68.67,-651.33,2.514,0.249,15.352808988764046,5.221457628407406,92.4,157.818
OKLAHOMA,13.0,7.7,11.18,0.7917,13.7649,17.229,-702.771,2.507,0.24,15.352808988764046,1.2516618355382163,100.1,178.9437
OKLAHOMA,14.0,7.7,11.18,0.7917,14.9429,-38.654,-758.654,2.511,0.241,15.352808988764046,-2.5867803438422263,107.8,209.2006
OKLAHOMA,15.0,7.7,11.18,0.7917,16.4205,-88.102,-808.102,2.5,0.247,15.352808988764046,-5.365366462653391,115.5,246.3075
OKLAHOMA,16.0,7.7,11.18,0.7917,17.9926,-138.505,-858.505,2.492,0.254,15.352808988764046,-7.697886909062615,123.2,287.8816
OKLAHOMA,17.0,7.7,11.18,0.7917,18.9384,175.047,-904.954,2.478,0.251,15.352808988764046,9.242966670890889,130.9,321.9528
OKLAHOMA,18.0,7.7,11.18,0.7917,19.4123,120.147,-959.854,2.481,0.243,15.352808988764046,6.189220236654081,138.6,349.42139999999995
OKLAHOMA,7.0,7.7,11.18,0.8676,8.4502,-60.59,-420.59,2.716,0.284,15.352808988764046,-7.170244491254644,53.9,59.1514
OKLAHOMA,8.0,7.7,11.18,0.8676,9.8699,-119.627,-479.627,2.711,0.29,15.352808988764046,-12.120386224784443,61.6,78.9592
OKLAHOMA,9.0,7.7,11.18,0.8676,11.245,-173.951,-533.951,2.688,0.293,15.352808988764046,-15.469186305024456,69.3,101.205
OKLAHOMA,10.0,7.7,11.18,0.8676,12.6157,128.658,-591.342,2.681,0.295,15.352808988764046,10.198245043873902,77.0,126.157
OKLAHOMA,11.0,7.7,11.18,0.8676,13.5556,76.779,-643.221,2.658,0.287,15.352808988764046,5.664006019652394,84.7,149.1116
OKLAHOMA,12.0,7.7,11.18,0.8676,14.1993,19.84,-700.16,2.655,0.276,15.352808988764046,1.3972519772101442,92.4,170.39159999999998
OKLAHOMA,13.0,7.7,11.18,0.8676,14.8464,-34.32,-754.32,2.644,0.266,15.352808988764046,-2.3116715163271904,100.1,193.0032
OKLAHOMA,14.0,7.7,11.18,0.8676,15.9721,-93.527,-813.527,2.647,0.266,15.352808988764046,-5.8556482866999335,107.8,223.6094
OKLAHOMA,15.0,7.7,11.18,0.8676,17.4579,-146.462,-866.462,2.634,0.271,15.352808988764046,-8.38943973788371,115.5,261.8685
OKLAHOMA,16.0,7.7,11.18,0.8676,19.1721,159.777,-920.223,2.625,0.277,15.352808988764046,8.333828845040449,123.2,306.7536
OKLAHOMA,17.0,7.7,11.18,0.8676,20.0873,111.796,-968.205,2.606,0.273,15.352808988764046,5.565506563848801,130.9,341.4841
OKLAHOMA,18.0,7.7,11.18,0.8676,20.3546,57.025,-1022.975,2.602,0.261,15.352808988764046,2.80157802167569,138.6,366.3828
OKLAHOMA,7.0,7.7,11.18,0.8995,8.9466,-73.073,-433.073,2.779,0.305,15.352808988764046,-8.167683812845102,53.9,62.6262
OKLAHOMA,8.0,7.7,11.18,0.8995,10.3425,-133.903,-493.903,2.774,0.308,15.352808988764046,-12.946869712351946,61.6,82.74
OKLAHOMA,9.0,7.7,11.18,0.8995,11.6672,169.946,-550.054,2.752,0.307,15.352808988764046,14.566134119583106,69.3,105.0048
OKLAHOMA,10.0,7.7,11.18,0.8995,12.995,110.41,-609.59,2.746,0.308,15.352808988764046,8.496344747979993,77.0,129.95
OKLAHOMA,11.0,7.7,11.18,0.8995,13.9361,56.689,-663.311,2.723,0.299,15.352808988764046,4.067780799506318,84.7,153.2971
OKLAHOMA,12.0,7.7,11.18,0.8995,14.6566,-1.718,-721.718,2.718,0.288,15.352808988764046,-0.1172168169971207,92.4,175.8792
OKLAHOMA,13.0,7.7,11.18,0.8995,15.391,-56.809,-776.809,2.704,0.279,15.352808988764046,-3.69105321291664,100.1,200.083
OKLAHOMA,14.0,7.7,11.18,0.8995,16.5948,-116.926,-836.926,2.705,0.279,15.352808988764046,-7.045942102345314,107.8,232.3272
OKLAHOMA,15.0,7.7,11.18,0.8995,18.1316,-170.905,-890.905,2.691,0.283,15.352808988764046,-9.42580908469192,115.5,271.974
OKLAHOMA,16.0,7.7,11.18,0.8995,19.7433,133.884,-946.117,2.682,0.289,15.352808988764046,6.781237179194966,123.2,315.8928
OKLAHOMA,17.0,7.7,11.18,0.8995,20.7242,84.429,-995.571,2.662,0.285,15.352808988764046,4.073932890051244,130.9,352.3114
OKLAHOMA,18.0,7.7,11.18,0.8995,21.0122,28.25,-1051.75,2.658,0.271,15.352808988764046,1.344457029725588,138.6,378.2196
OKLAHOMA,7.0,7.7,13.75,0.7553,8.9954,-34.656,-394.656,2.584,0.295,15.352808988764046,-3.852635791626832,53.9,62.9678
OKLAHOMA,8.0,7.7,13.75,0.7553,10.6626,-89.918,-449.918,2.579,0.306,15.352808988764046,-8.433027591769363,61.6,85.3008
OKLAHOMA,9.0,7.7,13.75,0.7553,12.3237,-140.187,-500.187,2.555,0.313,15.352808988764046,-11.375398622167044,69.3,110.9133
OKLAHOMA,10.0,7.7,13.75,0.7553,13.9361,167.617,-552.383,2.543,0.318,15.352808988764046,12.02753998607932,77.0,139.361
OKLAHOMA,11.0,7.7,13.75,0.7553,14.8464,120.405,-599.595,2.519,0.307,15.352808988764046,8.11004688005173,84.7,163.3104
OKLAHOMA,12.0,7.7,13.75,0.7553,15.4423,67.306,-652.694,2.515,0.292,15.352808988764046,4.358547625677522,92.4,185.3076
OKLAHOMA,13.0,7.7,13.75,0.7553,16.082,15.963,-704.037,2.508,0.28,15.352808988764046,0.9926004228329808,100.1,209.066
OKLAHOMA,14.0,7.7,13.75,0.7553,17.4579,-39.761,-759.761,2.512,0.282,15.352808988764046,-2.277536244336375,107.8,244.4106
OKLAHOMA,15.0,7.7,13.75,0.7553,19.1721,-88.529,-808.529,2.499,0.289,15.352808988764046,-4.6175953599240565,115.5,287.5815
OKLAHOMA,16.0,7.7,13.75,0.7553,21.0122,-137.598,-857.598,2.488,0.297,15.352808988764046,-6.548481358448901,123.2,336.1952
OKLAHOMA,17.0,7.7,13.75,0.7553,22.0475,176.494,-903.506,2.473,0.292,15.352808988764046,8.005170654269191,130.9,374.8075
OKLAHOMA,18.0,7.7,13.75,0.7553,22.7335,120.0,-960.001,2.479,0.284,15.352808988764046,5.278553676292696,138.6,409.203
OKLAHOMA,6.0,7.7,13.75,0.8368,8.4502,-18.009,-378.009,2.818,0.338,15.352808988764046,-2.131192161132281,46.2,50.7012
OKLAHOMA,7.0,7.7,13.75,0.8368,9.9788,-73.479,-433.479,2.779,0.34,15.352808988764046,-7.363510642562232,53.9,69.85159999999999
OKLAHOMA,8.0,7.7,13.75,0.8368,11.6672,-134.112,-494.112,2.773,0.347,15.352808988764046,-11.494788809654416,61.6,93.3376
OKLAHOMA,9.0,7.7,13.75,0.8368,13.2309,170.269,-549.731,2.748,0.349,15.352808988764046,12.86904141063722,69.3,119.0781
OKLAHOMA,10.0,7.7,13.75,0.8368,14.751,111.694,-608.306,2.739,0.349,15.352808988764046,7.571961222967935,77.0,147.51
OKLAHOMA,11.0,7.7,13.75,0.8368,15.7562,59.135,-660.865,2.713,0.338,15.352808988764046,3.7531257536715694,84.7,173.3182
OKLAHOMA,12.0,7.7,13.75,0.8368,16.5363,1.894,-718.106,2.705,0.325,15.352808988764046,0.1145358998083005,92.4,198.4356
OKLAHOMA,13.0,7.7,13.75,0.8368,17.3933,-52.387,-772.387,2.69,0.314,15.352808988764046,-3.0119068836850973,100.1,226.1129
OKLAHOMA,14.0,7.7,13.75,0.8368,18.8619,-111.562,-831.562,2.69,0.316,15.352808988764046,-5.914674555585599,107.8,264.0666
OKLAHOMA,15.0,7.7,13.75,0.8368,20.7242,-163.934,-883.934,2.673,0.323,15.352808988764046,-7.910269153935978,115.5,310.863
OKLAHOMA,16.0,7.7,13.75,0.8368,22.7335,143.841,-936.159,2.657,0.331,15.352808988764046,6.327270327930147,123.2,363.736
OKLAHOMA,17.0,7.7,13.75,0.8368,23.6091,96.589,-983.411,2.634,0.323,15.352808988764046,4.091176707286597,130.9,401.3547
OKLAHOMA,18.0,7.7,13.75,0.8368,23.7417,39.386,-1040.614,2.634,0.307,15.352808988764046,1.6589376497891897,138.6,427.3506
OKLAHOMA,6.0,7.7,13.75,0.8684,9.1186,-31.764,-391.764,2.901,0.371,15.352808988764046,-3.483429473822736,46.2,54.7116
OKLAHOMA,7.0,7.7,13.75,0.8684,10.7221,-88.764,-448.764,2.857,0.37,15.352808988764046,-8.278602139506253,53.9,75.0547
OKLAHOMA,8.0,7.7,13.75,0.8684,12.3958,-151.182,-511.182,2.849,0.374,15.352808988764046,-12.19622775456203,61.6,99.1664
OKLAHOMA,9.0,7.7,13.75,0.8684,13.893,151.28,-568.72,2.823,0.371,15.352808988764046,10.888936874685092,69.3,125.037
OKLAHOMA,10.0,7.7,13.75,0.8684,15.391,90.287,-629.713,2.815,0.369,15.352808988764046,5.8662205184848295,77.0,153.91
OKLAHOMA,11.0,7.7,13.75,0.8684,16.4205,35.458,-684.542,2.789,0.357,15.352808988764046,2.1593739532900944,84.7,180.6255
OKLAHOMA,12.0,7.7,13.75,0.8684,17.3292,-23.758,-743.758,2.781,0.345,15.352808988764046,-1.370980772338019,92.4,207.9504
OKLAHOMA,13.0,7.7,13.75,0.8684,18.2728,-79.369,-799.369,2.764,0.335,15.352808988764046,-4.343559826627556,100.1,237.5464
OKLAHOMA,14.0,7.7,13.75,0.8684,19.828,-139.855,-859.855,2.761,0.337,15.352808988764046,-7.053409320153318,107.8,277.592
OKLAHOMA,15.0,7.7,13.75,0.8684,21.7237,166.481,-913.519,2.742,0.343,15.352808988764046,7.663565598862072,115.5,325.8555
OKLAHOMA,16.0,7.7,13.75,0.8684,23.7417,112.938,-967.062,2.725,0.351,15.352808988764046,4.756946638193558,123.2,379.8672
OKLAHOMA,17.0,7.7,13.75,0.8684,24.7314,64.918,-1015.082,2.699,0.342,15.352808988764046,2.624922163727084,130.9,420.4338
OKLAHOMA,18.0,7.7,13.75,0.8684,24.7314,7.057,-1072.943,2.697,0.324,15.352808988764046,0.2853457547894579,138.6,445.1652
OKLAHOMA,6.0,6.5,18.11,0.7143,9.1684,36.118,-323.882,2.846,0.437,15.352808988764046,3.939400549714236,39.0,55.0104
OKLAHOMA,7.0,6.5,18.11,0.7143,10.782,-7.548,-367.548,2.782,0.436,15.352808988764046,-0.7000556483027268,45.5,75.474
OKLAHOMA,8.0,6.5,18.11,0.7143,12.7278,-55.418,-415.418,2.757,0.448,15.352808988764046,-4.354091044799572,52.0,101.8224
OKLAHOMA,9.0,6.5,18.11,0.7143,14.8464,-98.385,-458.385,2.713,0.461,15.352808988764046,-6.62685903653411,58.5,133.61759999999998
OKLAHOMA,10.0,6.5,18.11,0.7143,17.1397,-141.985,-501.985,2.68,0.476,15.352808988764046,-8.283983967047265,65.0,171.39700000000002
OKLAHOMA,11.0,6.5,18.11,0.7143,18.7108,178.017,-541.983,2.642,0.47,15.352808988764046,9.514130876285352,71.5,205.8188
OKLAHOMA,12.0,6.5,18.11,0.7143,20.1755,131.092,-588.908,2.634,0.463,15.352808988764046,6.497583703006122,78.0,242.106
OKLAHOMA,13.0,6.5,18.11,0.7143,21.6184,85.052,-634.948,2.625,0.458,15.352808988764046,3.934241201939089,84.5,281.0392
OKLAHOMA,14.0,6.5,18.11,0.7143,23.6091,35.222,-684.778,2.627,0.463,15.352808988764046,1.4918823673922343,91.0,330.5274
OKLAHOMA,15.0,6.5,18.11,0.7143,25.5145,-9.531,-729.531,2.615,0.466,15.352808988764046,-0.3735522937937251,97.5,382.7175
OKLAHOMA,16.0,6.5,18.11,0.7143,27.535,-56.905,-776.905,2.611,0.473,15.352808988764046,-2.0666424550572,104.0,440.56
OKLAHOMA,17.0,6.5,18.11,0.7143,29.6297,-99.911,-819.911,2.597,0.476,15.352808988764046,-3.3719882415279265,110.5,503.7049
OKLAHOMA,5.0,6.5,18.11,0.8013,8.3815,50.847,-309.153,3.194,0.508,15.352808988764046,6.066575195370756,32.5,41.907500000000006
OKLAHOMA,6.0,6.5,18.11,0.8013,10.6036,-4.418,-364.418,3.141,0.532,15.352808988764046,-0.4166509487343921,39.0,63.6216
OKLAHOMA,7.0,6.5,18.11,0.8013,12.7654,-54.301,-414.301,3.07,0.542,15.352808988764046,-4.253764081031538,45.5,89.3578
OKLAHOMA,8.0,6.5,18.11,0.8013,15.0897,-109.043,-469.043,3.043,0.559,15.352808988764046,-7.226319940091586,52.0,120.7176
OKLAHOMA,9.0,6.5,18.11,0.8013,17.3933,-160.433,-520.433,3.006,0.569,15.352808988764046,-9.223839064467352,58.5,156.5397
OKLAHOMA,10.0,6.5,18.11,0.8013,20.0,144.768,-575.232,2.99,0.587,15.352808988764046,7.2384,65.0,200.0
OKLAHOMA,11.0,6.5,18.11,0.8013,21.9382,95.952,-624.048,2.955,0.584,15.352808988764046,4.373740780920951,71.5,241.3202
OKLAHOMA,12.0,6.5,18.11,0.8013,23.4785,42.928,-677.072,2.943,0.569,15.352808988764046,1.8283961922610048,78.0,281.742
OKLAHOMA,13.0,6.5,18.11,0.8013,24.583,-7.678,-727.678,2.925,0.549,15.352808988764046,-0.3123296587072367,84.5,319.57899999999995
OKLAHOMA,14.0,6.5,18.11,0.8013,26.1961,-62.067,-782.067,2.92,0.544,15.352808988764046,-2.369322151007211,91.0,366.7454
OKLAHOMA,15.0,6.5,18.11,0.8013,28.1787,-108.89,-828.89,2.894,0.543,15.352808988764046,-3.864266272042358,97.5,422.6805
OKLAHOMA,16.0,6.5,18.11,0.8013,29.897,-156.503,-876.503,2.873,0.54,15.352808988764046,-5.234739271498812,104.0,478.352
OKLAHOMA,5.0,6.5,18.11,0.8481,9.2688,35.302,-324.698,3.334,0.574,15.352808988764046,3.808691524253409,32.5,46.344
OKLAHOMA,6.0,6.5,18.11,0.8481,11.8013,-22.997,-382.997,3.279,0.605,15.352808988764046,-1.9486836196012305,39.0,70.8078
OKLAHOMA,7.0,6.5,18.11,0.8481,14.1107,-75.892,-435.892,3.205,0.613,15.352808988764046,-5.378329919848058,45.5,98.7749
OKLAHOMA,8.0,6.5,18.11,0.8481,16.4782,-134.23,-494.23,3.181,0.625,15.352808988764046,-8.145913995460669,52.0,131.8256
OKLAHOMA,9.0,6.5,18.11,0.8481,18.6363,170.119,-549.881,3.149,0.625,15.352808988764046,9.128367755402092,58.5,167.7267
OKLAHOMA,10.0,6.5,18.11,0.8481,20.9151,109.567,-610.433,3.146,0.631,15.352808988764046,5.238655325578171,65.0,209.151
OKLAHOMA,11.0,6.5,18.11,0.8481,22.7335,56.006,-663.994,3.116,0.619,15.352808988764046,2.463588976620406,71.5,250.0685
OKLAHOMA,12.0,6.5,18.11,0.8481,24.1522,0.836,-719.164,3.098,0.601,15.352808988764046,0.03461382399947,78.0,289.82640000000004
OKLAHOMA,13.0,6.5,18.11,0.8481,25.1927,-49.69,-769.69,3.067,0.578,15.352808988764046,-1.972396765729755,84.5,327.5051
OKLAHOMA,14.0,6.5,18.11,0.8481,26.9357,-104.517,-824.517,3.054,0.571,15.352808988764046,-3.880240721421756,91.0,377.0998
OKLAHOMA,15.0,6.5,18.11,0.8481,29.1186,-152.722,-872.722,3.021,0.572,15.352808988764046,-5.24482633093624,97.5,436.779
OKLAHOMA,6.0,4.4,24.41,0.6254,8.3587,113.025,-246.975,3.137,0.619,15.352808988764046,13.5218395204996,26.4,50.15220000000001
OKLAHOMA,7.0,4.4,24.41,0.6254,9.709,81.286,-278.714,3.047,0.608,15.352808988764046,8.372231949737358,30.800000000000004,67.963
OKLAHOMA,8.0,4.4,24.41,0.6254,11.3406,46.081,-313.919,3.007,0.618,15.352808988764046,4.0633652540429965,35.2,90.7248
OKLAHOMA,9.0,4.4,24.41,0.6254,12.995,15.348,-344.652,2.944,0.623,15.352808988764046,1.1810696421700655,39.6,116.955
OKLAHOMA,10.0,4.4,24.41,0.6254,14.6566,-16.876,-376.876,2.904,0.627,15.352808988764046,-1.151426661026432,44.0,146.566
OKLAHOMA,11.0,4.4,24.41,0.6254,16.2496,-47.237,-407.237,2.86,0.627,15.352808988764046,-2.9069638637258763,48.400000000000006,178.74560000000002
OKLAHOMA,12.0,4.4,24.41,0.6254,18.1316,-79.35,-439.35,2.832,0.639,15.352808988764046,-4.376337444020384,52.8,217.5792
OKLAHOMA,13.0,4.4,24.41,0.6254,19.7433,-109.109,-469.109,2.798,0.64,15.352808988764046,-5.526381101436942,57.2,256.66290000000004
OKLAHOMA,14.0,4.4,24.41,0.6254,21.9382,-144.051,-504.051,2.791,0.657,15.352808988764046,-6.566217830086333,61.60000000000001,307.1348
OKLAHOMA,15.0,4.4,24.41,0.6254,24.7314,-174.835,-534.835,2.764,0.689,15.352808988764046,-7.069353130029032,66.0,370.971
OKLAHOMA,16.0,4.4,24.41,0.6254,27.535,158.522,-561.478,2.725,0.715,15.352808988764046,5.757109133829671,70.4,440.56
OKLAHOMA,17.0,4.4,24.41,0.6254,28.8739,129.977,-590.024,2.701,0.706,15.352808988764046,4.501539452585207,74.80000000000001,490.8563
OKLAHOMA,5.0,4.4,24.41,0.7155,8.4272,124.956,-235.044,3.529,0.796,15.352808988764046,14.827700778431746,22.0,42.136
OKLAHOMA,6.0,4.4,24.41,0.7155,9.6561,79.549,-280.451,3.514,0.757,15.352808988764046,8.238212114621845,26.4,57.9366
OKLAHOMA,7.0,4.4,24.41,0.7155,11.2767,41.543,-318.457,3.425,0.749,15.352808988764046,3.683967827467256,30.800000000000004,78.9369
OKLAHOMA,8.0,4.4,24.41,0.7155,13.1911,3.325,-356.675,3.359,0.76,15.352808988764046,0.252063891563251,35.2,105.5288
OKLAHOMA,9.0,4.4,24.41,0.7155,14.9916,-30.226,-390.226,3.273,0.759,15.352808988764046,-2.016195736278983,39.6,134.9244
OKLAHOMA,10.0,4.4,24.41,0.7155,16.8933,-65.922,-425.922,3.22,0.762,15.352808988764046,-3.9022571078474897,44.0,168.933
OKLAHOMA,11.0,4.4,24.41,0.7155,18.6363,-99.557,-459.557,3.164,0.758,15.352808988764046,-5.3421011681503305,48.400000000000006,204.9993
OKLAHOMA,12.0,4.4,24.41,0.7155,20.7242,-135.79,-495.79,3.131,0.768,15.352808988764046,-6.5522432711516005,52.8,248.6904
OKLAHOMA,13.0,4.4,24.41,0.7155,22.4988,-168.783,-528.783,3.087,0.766,15.352808988764046,-7.501866766227532,57.2,292.4844
OKLAHOMA,14.0,4.4,24.41,0.7155,24.437,152.685,-567.315,3.076,0.772,15.352808988764046,6.2481073781560745,61.60000000000001,342.118
OKLAHOMA,15.0,4.4,24.41,0.7155,27.1309,116.029,-603.971,3.056,0.794,15.352808988764046,4.2766366025454365,66.0,406.9635
OKLAHOMA,5.0,4.4,24.41,0.7782,8.2908,96.265,-263.735,3.953,0.828,15.352808988764046,11.611062864862255,22.0,41.45400000000001
OKLAHOMA,6.0,4.4,24.41,0.7782,10.8424,52.258,-307.742,3.836,0.889,15.352808988764046,4.819781598170147,26.4,65.0544
OKLAHOMA,7.0,4.4,24.41,0.7782,12.8795,14.153,-345.847,3.694,0.891,15.352808988764046,1.0988780620365697,30.800000000000004,90.1565
OKLAHOMA,8.0,4.4,24.41,0.7782,15.0405,-27.11,-387.11,3.618,0.901,15.352808988764046,-1.8024666733153816,35.2,120.324
OKLAHOMA,9.0,4.4,24.41,0.7782,17.2656,-63.914,-423.914,3.523,0.905,15.352808988764046,-3.7018116949309614,39.6,155.3904
OKLAHOMA,10.0,4.4,24.41,0.7782,19.4939,-102.062,-462.062,3.457,0.914,15.352808988764046,-5.235586516807822,44.0,194.939
OKLAHOMA,11.0,4.4,24.41,0.7782,21.5144,-138.549,-498.549,3.394,0.91,15.352808988764046,-6.439826348864018,48.400000000000006,236.6584
OKLAHOMA,12.0,4.4,24.41,0.7782,24.1522,-179.116,-539.116,3.363,0.93,15.352808988764046,-7.416136004173533,52.8,289.82640000000004
OKLAHOMA,13.0,4.4,24.41,0.7782,26.7448,145.499,-574.501,3.309,0.941,15.352808988764046,5.440272501570398,57.2,347.68240000000003
OKLAHOMA,14.0,4.4,24.41,0.7782,29.1186,106.495,-613.505,3.282,0.947,15.352808988764046,3.65728434746176,61.60000000000001,407.6604
SOUTH DAKOTA,5.0,8.9,13.68,0.8294,10.2008,-29.545,-389.545,2.975,0.436,17.34416666666667,-2.8963414634146347,44.5,51.004
SOUTH DAKOTA,6.0,8.9,13.68,0.8294,12.111,-102.417,-462.417,2.948,0.429,17.34416666666667,-8.456527124102056,53.400000000000006,72.666
SOUTH DAKOTA,7.0,8.9,13.68,0.8294,13.6806,-171.455,-531.455,2.913,0.413,17.34416666666667,-12.53271055363069,62.3,95.7642
SOUTH DAKOTA,8.0,8.9,13.68,0.8294,15.5457,115.286,-604.714,2.902,0.41,17.34416666666667,7.41594138572081,71.2,124.3656
SOUTH DAKOTA,9.0,8.9,13.68,0.8294,17.2024,52.116,-667.884,2.859,0.4,17.34416666666667,3.0295772682881457,80.10000000000001,154.82160000000002
SOUTH DAKOTA,10.0,8.9,13.68,0.8294,18.6363,-13.896,-733.896,2.833,0.388,17.34416666666667,-0.7456415704834115,89.0,186.363
SOUTH DAKOTA,11.0,8.9,13.68,0.8294,20.0873,-76.321,-796.321,2.802,0.378,17.34416666666667,-3.799465333817885,97.9,220.9603
SOUTH DAKOTA,12.0,8.9,13.68,0.8294,22.2702,-145.375,-865.375,2.793,0.384,17.34416666666667,-6.52778151969897,106.8,267.2424
SOUTH DAKOTA,13.0,8.9,13.68,0.8294,24.7314,150.676,-929.324,2.773,0.392,17.34416666666667,6.092497796323701,115.7,321.5082
SOUTH DAKOTA,14.0,8.9,13.68,0.8294,27.3306,78.813,-1001.187,2.773,0.403,17.34416666666667,2.8836908081052006,124.6,382.6284
SOUTH DAKOTA,15.0,8.9,13.68,0.8294,29.897,7.983,-1072.017,2.771,0.412,17.34416666666667,0.2670167575342007,133.5,448.455
SOUTH DAKOTA,5.0,8.9,13.68,0.8993,10.782,-59.113,-419.113,3.168,0.476,17.34416666666667,-5.482563531812279,44.5,53.91
SOUTH DAKOTA,6.0,8.9,13.68,0.8993,12.8413,-136.75,-496.75,3.134,0.469,17.34416666666667,-10.649233333073754,53.400000000000006,77.0478
SOUTH DAKOTA,7.0,8.9,13.68,0.8993,14.334,150.338,-569.662,3.089,0.446,17.34416666666667,10.48820985070462,62.3,100.338
SOUTH DAKOTA,8.0,8.9,13.68,0.8993,16.082,72.717,-647.283,3.074,0.437,17.34416666666667,4.521639099614475,71.2,128.656
SOUTH DAKOTA,9.0,8.9,13.68,0.8993,17.9239,5.574,-714.426,3.024,0.428,17.34416666666667,0.3109814270331791,80.10000000000001,161.3151
SOUTH DAKOTA,10.0,8.9,13.68,0.8993,19.7433,-64.082,-784.082,2.992,0.422,17.34416666666667,-3.24575932088354,89.0,197.433
SOUTH DAKOTA,11.0,8.9,13.68,0.8993,21.4116,-130.329,-850.329,2.957,0.415,17.34416666666667,-6.086840777896094,97.9,235.5276
SOUTH DAKOTA,12.0,8.9,13.68,0.8993,23.8764,153.957,-926.043,2.952,0.424,17.34416666666667,6.448082625521435,106.8,286.5168
SOUTH DAKOTA,13.0,8.9,13.68,0.8993,26.7448,81.335,-998.665,2.94,0.437,17.34416666666667,3.0411519248601597,115.7,347.68240000000003
SOUTH DAKOTA,14.0,8.9,13.68,0.8993,29.6297,0.872,-1079.128,2.947,0.451,17.34416666666667,0.029429930103916,124.6,414.8158
SOUTH DAKOTA,5.0,8.9,13.68,0.9278,11.0879,-70.047,-430.047,3.24,0.495,17.34416666666667,-6.31742710522281,44.5,55.4395
SOUTH DAKOTA,6.0,8.9,13.68,0.9278,13.2309,-149.37,-509.37,3.203,0.489,17.34416666666667,-11.289481441171803,53.400000000000006,79.3854
SOUTH DAKOTA,7.0,8.9,13.68,0.9278,14.751,136.265,-583.735,3.154,0.463,17.34416666666667,9.23767880143719,62.3,103.257
SOUTH DAKOTA,8.0,8.9,13.68,0.9278,16.4782,56.831,-663.169,3.139,0.451,17.34416666666667,3.448859705550364,71.2,131.8256
SOUTH DAKOTA,9.0,8.9,13.68,0.9278,18.2728,-12.351,-732.351,3.089,0.441,17.34416666666667,-0.6759226828947945,80.10000000000001,164.4552
SOUTH DAKOTA,10.0,8.9,13.68,0.9278,20.0873,-84.356,-804.356,3.058,0.436,17.34416666666667,-4.199469316433767,89.0,200.873
SOUTH DAKOTA,11.0,8.9,13.68,0.9278,21.9382,-152.769,-872.769,3.023,0.43,17.34416666666667,-6.963606859268309,97.9,241.3202
SOUTH DAKOTA,12.0,8.9,13.68,0.9278,24.583,128.958,-951.043,3.019,0.44,17.34416666666667,5.245820282308913,106.8,294.996
SOUTH DAKOTA,13.0,8.9,13.68,0.9278,27.535,53.826,-1026.174,3.007,0.454,17.34416666666667,1.9548211367350643,115.7,357.955
SOUTH DAKOTA,5.0,7.7,16.12,0.7582,9.6825,23.486,-336.514,2.968,0.478,17.34416666666667,2.4256132197263107,38.5,48.4125
SOUTH DAKOTA,6.0,7.7,16.12,0.7582,11.9033,-39.655,-399.655,2.941,0.488,17.34416666666667,-3.331429099493418,46.2,71.4198
SOUTH DAKOTA,7.0,7.7,16.12,0.7582,13.8501,-98.089,-458.089,2.898,0.482,17.34416666666667,-7.082187132222872,53.9,96.9507
SOUTH DAKOTA,8.0,7.7,16.12,0.7582,15.8097,-161.77,-521.77,2.89,0.481,17.34416666666667,-10.232325724080788,61.6,126.4776
SOUTH DAKOTA,9.0,7.7,16.12,0.7582,17.523,140.275,-579.725,2.861,0.472,17.34416666666667,8.0051931746847,69.3,157.707
SOUTH DAKOTA,10.0,7.7,16.12,0.7582,19.3315,79.924,-640.076,2.846,0.468,17.34416666666667,4.134392054418954,77.0,193.315
SOUTH DAKOTA,11.0,7.7,16.12,0.7582,20.9151,26.995,-693.005,2.81,0.457,17.34416666666667,1.2906942830777766,84.7,230.0661
SOUTH DAKOTA,12.0,7.7,16.12,0.7582,22.4988,-28.902,-748.902,2.789,0.447,17.34416666666667,-1.2846018454317565,92.4,269.9856
SOUTH DAKOTA,13.0,7.7,16.12,0.7582,23.8764,-81.844,-801.844,2.763,0.438,17.34416666666667,-3.4278199393543414,100.1,310.3932
SOUTH DAKOTA,14.0,7.7,16.12,0.7582,26.1961,-141.22,-861.22,2.757,0.444,17.34416666666667,-5.390878794935124,107.8,366.7454
SOUTH DAKOTA,15.0,7.7,16.12,0.7582,29.1186,165.193,-914.807,2.736,0.461,17.34416666666667,5.673109284100198,115.5,436.779
SOUTH DAKOTA,5.0,7.7,16.12,0.8539,10.8122,-16.999,-376.999,3.274,0.56,17.34416666666667,-1.5722054715968996,38.5,54.06100000000001
SOUTH DAKOTA,6.0,7.7,16.12,0.8539,13.4733,-86.578,-446.578,3.234,0.579,17.34416666666667,-6.42589417588861,46.2,80.8398
SOUTH DAKOTA,7.0,7.7,16.12,0.8539,15.7031,-150.161,-510.161,3.174,0.574,17.34416666666667,-9.562506766179927,53.9,109.9217
SOUTH DAKOTA,8.0,7.7,16.12,0.8539,17.7882,141.412,-578.588,3.153,0.566,17.34416666666667,7.949764450590841,61.6,142.3056
SOUTH DAKOTA,9.0,7.7,16.12,0.8539,19.4123,79.351,-640.649,3.111,0.545,17.34416666666667,4.087666067390264,69.3,174.71069999999995
SOUTH DAKOTA,10.0,7.7,16.12,0.8539,21.0122,13.913,-706.087,3.09,0.529,17.34416666666667,0.6621391382149419,77.0,210.122
SOUTH DAKOTA,11.0,7.7,16.12,0.8539,22.4988,-44.738,-764.738,3.049,0.513,17.34416666666667,-1.9884616068412535,84.7,247.4868
SOUTH DAKOTA,12.0,7.7,16.12,0.8539,24.437,-106.416,-826.416,3.025,0.507,17.34416666666667,-4.354708024716618,92.4,293.244
SOUTH DAKOTA,13.0,7.7,16.12,0.8539,26.3752,-162.654,-882.654,2.989,0.502,17.34416666666667,-6.166929539870788,100.1,342.8776
SOUTH DAKOTA,14.0,7.7,16.12,0.8539,28.8739,135.184,-944.816,2.972,0.511,17.34416666666667,4.681875326852278,107.8,404.2346
SOUTH DAKOTA,5.0,7.7,16.12,0.8833,11.6009,-28.405,-388.405,3.361,0.61,17.34416666666667,-2.44851692541096,38.5,58.00449999999999
SOUTH DAKOTA,6.0,7.7,16.12,0.8833,14.334,-100.418,-460.418,3.322,0.624,17.34416666666667,-7.005581135761128,46.2,86.00399999999999
SOUTH DAKOTA,7.0,7.7,16.12,0.8833,16.5363,-166.192,-526.192,3.26,0.612,17.34416666666667,-10.050132133548615,53.9,115.7541
SOUTH DAKOTA,8.0,7.7,16.12,0.8833,18.4891,123.795,-596.205,3.236,0.597,17.34416666666667,6.695566577064325,61.6,147.9128
SOUTH DAKOTA,9.0,7.7,16.12,0.8833,20.0,60.992,-659.008,3.188,0.569,17.34416666666667,3.0496,69.3,180.0
SOUTH DAKOTA,10.0,7.7,16.12,0.8833,21.5144,-5.408,-725.408,3.163,0.548,17.34416666666667,-0.2513665266054364,77.0,215.144
SOUTH DAKOTA,11.0,7.7,16.12,0.8833,23.098,-65.789,-785.789,3.121,0.533,17.34416666666667,-2.848255260195688,84.7,254.078
SOUTH DAKOTA,12.0,7.7,16.12,0.8833,25.5145,-129.931,-849.931,3.098,0.535,17.34416666666667,-5.092437633502518,92.4,306.17400000000004
SOUTH DAKOTA,13.0,7.7,16.12,0.8833,28.1787,172.233,-907.767,3.059,0.543,17.34416666666667,6.112169830403816,100.1,366.3231
SOUTH DAKOTA,5.0,6.5,18.6,0.736,8.8981,55.079,-304.921,3.152,0.536,17.34416666666667,6.18997314033333,32.5,44.4905
SOUTH DAKOTA,6.0,6.5,18.6,0.736,11.4373,1.699,-358.301,3.091,0.569,17.34416666666667,0.1485490456663723,39.0,68.6238
SOUTH DAKOTA,7.0,6.5,18.6,0.736,13.6806,-47.357,-407.357,3.021,0.577,17.34416666666667,-3.4616171805330174,45.5,95.7642
SOUTH DAKOTA,8.0,6.5,18.6,0.736,16.1934,-102.711,-462.711,3.004,0.597,17.34416666666667,-6.342769276371855,52.0,129.5472
SOUTH DAKOTA,9.0,6.5,18.6,0.736,18.9384,-155.198,-515.198,2.975,0.617,17.34416666666667,-8.194884467536856,58.5,170.4456
SOUTH DAKOTA,10.0,6.5,18.6,0.736,22.0475,149.899,-570.101,2.961,0.647,17.34416666666667,6.798911441206486,65.0,220.475
SOUTH DAKOTA,11.0,6.5,18.6,0.736,24.2934,102.634,-617.366,2.922,0.643,17.34416666666667,4.22476886726436,71.5,267.2274
SOUTH DAKOTA,12.0,6.5,18.6,0.736,25.5145,50.335,-669.665,2.91,0.619,17.34416666666667,1.9727997805169608,78.0,306.17400000000004
SOUTH DAKOTA,13.0,6.5,18.6,0.736,26.7448,-1.325,-721.325,2.899,0.595,17.34416666666667,-0.0495423409410427,84.5,347.68240000000003
SOUTH DAKOTA,14.0,6.5,18.6,0.736,28.8739,-55.896,-775.896,2.895,0.599,17.34416666666667,-1.9358659550666864,91.0,404.2346
SOUTH DAKOTA,5.0,6.5,18.6,0.8216,10.2572,17.983,-342.017,3.493,0.652,17.34416666666667,1.7532075030222676,32.5,51.286
SOUTH DAKOTA,6.0,6.5,18.6,0.8216,13.3917,-44.669,-404.669,3.441,0.703,17.34416666666667,-3.335573526886056,39.0,80.3502
SOUTH DAKOTA,7.0,6.5,18.6,0.8216,16.1934,-101.798,-461.798,3.369,0.722,17.34416666666667,-6.286388281645609,45.5,113.3538
SOUTH DAKOTA,8.0,6.5,18.6,0.8216,18.786,-165.274,-525.274,3.353,0.731,17.34416666666667,-8.797721707654636,52.0,150.288
SOUTH DAKOTA,9.0,6.5,18.6,0.8216,20.7242,133.726,-586.274,3.33,0.715,17.34416666666667,6.452649559452235,58.5,186.5178
SOUTH DAKOTA,10.0,6.5,18.6,0.8216,22.7335,68.258,-651.742,3.332,0.705,17.34416666666667,3.00252930696989,65.0,227.335
SOUTH DAKOTA,11.0,6.5,18.6,0.8216,24.583,12.979,-707.021,3.291,0.689,17.34416666666667,0.5279664809014359,71.5,270.413
SOUTH DAKOTA,12.0,6.5,18.6,0.8216,26.3752,-40.239,-760.239,3.25,0.673,17.34416666666667,-1.5256377202826896,78.0,316.5024
SOUTH DAKOTA,13.0,6.5,18.6,0.8216,27.7443,-88.706,-808.706,3.199,0.649,17.34416666666667,-3.1972693490194386,84.5,360.6759
SOUTH DAKOTA,14.0,6.5,18.6,0.8216,29.897,-144.334,-864.334,3.177,0.649,17.34416666666667,-4.827708465732348,91.0,418.558
SOUTH DAKOTA,5.0,6.5,18.6,0.8737,11.3727,0.025,-359.975,3.661,0.739,17.34416666666667,0.0021982466784492,32.5,56.8635
SOUTH DAKOTA,6.0,6.5,18.6,0.8737,14.7036,-65.273,-425.273,3.6,0.791,17.34416666666667,-4.439252972061264,39.0,88.2216
SOUTH DAKOTA,7.0,6.5,18.6,0.8737,17.5885,-124.919,-484.919,3.52,0.804,17.34416666666667,-7.102311169229894,45.5,123.1195
SOUTH DAKOTA,8.0,6.5,18.6,0.8737,20.1755,168.777,-551.223,3.502,0.804,17.34416666666667,8.365443235607543,52.0,161.404
SOUTH DAKOTA,9.0,6.5,18.6,0.8737,22.0475,105.279,-614.721,3.475,0.776,17.34416666666667,4.775099217598367,58.5,198.4275
SOUTH DAKOTA,10.0,6.5,18.6,0.8737,23.8764,37.271,-682.729,3.476,0.756,17.34416666666667,1.560997470305406,65.0,238.764
SOUTH DAKOTA,11.0,6.5,18.6,0.8737,25.6799,-20.586,-740.586,3.432,0.737,17.34416666666667,-0.801638635664469,71.5,282.4789
SOUTH DAKOTA,12.0,6.5,18.6,0.8737,27.9588,-76.163,-796.163,3.386,0.728,17.34416666666667,-2.724115484212484,78.0,335.5056
SOUTH DAKOTA,13.0,6.5,18.6,0.8737,29.6297,-125.322,-845.322,3.325,0.708,17.34416666666667,-4.229607454682295,84.5,385.1861
SOUTH DAKOTA,6.0,4.4,20.9,0.6873,8.4502,108.163,-251.837,3.191,0.631,17.34416666666667,12.800052069773496,26.4,50.7012
SOUTH DAKOTA,7.0,4.4,20.9,0.6873,9.7623,75.392,-284.608,3.103,0.616,17.34416666666667,7.722770248814316,30.800000000000004,68.3361
SOUTH DAKOTA,8.0,4.4,20.9,0.6873,11.4698,38.735,-321.265,3.068,0.63,17.34416666666667,3.377129505309596,35.2,91.7584
SOUTH DAKOTA,9.0,4.4,20.9,0.6873,13.2309,7.255,-352.745,3.002,0.641,17.34416666666667,0.548337603639964,39.6,119.0781
SOUTH DAKOTA,10.0,4.4,20.9,0.6873,14.8945,-25.344,-385.344,2.958,0.644,17.34416666666667,-1.7015676927725,44.0,148.945
SOUTH DAKOTA,11.0,4.4,20.9,0.6873,16.4205,-57.02,-417.02,2.917,0.64,17.34416666666667,-3.472488657470844,48.400000000000006,180.6255
SOUTH DAKOTA,12.0,4.4,20.9,0.6873,18.3443,-91.772,-451.772,2.898,0.653,17.34416666666667,-5.002752898720583,52.8,220.1316
SOUTH DAKOTA,13.0,4.4,20.9,0.6873,20.0873,-124.008,-484.008,2.87,0.659,17.34416666666667,-6.173452878186715,57.2,261.1349
SOUTH DAKOTA,14.0,4.4,20.9,0.6873,22.3837,-161.588,-521.588,2.869,0.681,17.34416666666667,-7.219003113873041,61.60000000000001,313.3718
SOUTH DAKOTA,15.0,4.4,20.9,0.6873,25.3521,164.417,-555.583,2.851,0.717,17.34416666666667,6.485340464892455,66.0,380.2815
SOUTH DAKOTA,16.0,4.4,20.9,0.6873,28.4043,134.368,-585.632,2.818,0.752,17.34416666666667,4.730551360181381,70.4,454.4688
SOUTH DAKOTA,6.0,4.4,20.9,0.7688,9.3449,78.353,-281.647,3.531,0.735,17.34416666666667,8.38457340367473,26.4,56.0694
SOUTH DAKOTA,7.0,4.4,20.9,0.7688,10.9336,42.373,-317.627,3.419,0.725,17.34416666666667,3.8754847442745297,30.800000000000004,76.5352
SOUTH DAKOTA,8.0,4.4,20.9,0.7688,12.7278,2.532,-357.468,3.369,0.734,17.34416666666667,0.1989346155659265,35.2,101.8224
SOUTH DAKOTA,9.0,4.4,20.9,0.7688,14.6097,-32.774,-392.774,3.295,0.74,17.34416666666667,-2.243304106176034,39.6,131.4873
SOUTH DAKOTA,10.0,4.4,20.9,0.7688,16.4782,-69.586,-429.586,3.247,0.746,17.34416666666667,-4.222912696775133,44.0,164.782
SOUTH DAKOTA,11.0,4.4,20.9,0.7688,18.1316,-104.793,-464.793,3.198,0.743,17.34416666666667,-5.77957819497452,48.400000000000006,199.4476
SOUTH DAKOTA,12.0,4.4,20.9,0.7688,20.2646,-143.44,-503.44,3.176,0.758,17.34416666666667,-7.078353384720152,52.8,243.1752
SOUTH DAKOTA,13.0,4.4,20.9,0.7688,22.2702,-178.403,-538.403,3.138,0.764,17.34416666666667,-8.01083959730941,57.2,289.5126
SOUTH DAKOTA,14.0,4.4,20.9,0.7688,24.437,141.547,-578.454,3.13,0.779,17.34416666666667,5.792323116585505,61.60000000000001,342.118
SOUTH DAKOTA,15.0,4.4,20.9,0.7688,27.3306,103.777,-616.223,3.11,0.808,17.34416666666667,3.7970992221173336,66.0,409.959
SOUTH DAKOTA,5.0,4.4,20.9,0.8277,8.1565,100.893,-259.107,3.885,0.807,17.34416666666667,12.369643842334336,22.0,40.7825
SOUTH DAKOTA,6.0,4.4,20.9,0.8277,10.5449,58.156,-301.844,3.765,0.858,17.34416666666667,5.515083120750315,26.4,63.269400000000005
SOUTH DAKOTA,7.0,4.4,20.9,0.8277,12.432,20.551,-339.449,3.631,0.85,17.34416666666667,1.6530727155727154,30.800000000000004,87.024
SOUTH DAKOTA,8.0,4.4,20.9,0.8277,14.4249,-20.849,-380.849,3.565,0.858,17.34416666666667,-1.445347974682667,35.2,115.3992
SOUTH DAKOTA,9.0,4.4,20.9,0.8277,16.4782,-57.688,-417.688,3.478,0.861,17.34416666666667,-3.500867813232028,39.6,148.30380000000002
SOUTH DAKOTA,10.0,4.4,20.9,0.8277,18.5624,-96.015,-456.015,3.419,0.865,17.34416666666667,-5.172553118131276,44.0,185.624
SOUTH DAKOTA,11.0,4.4,20.9,0.8277,20.4455,-133.329,-493.329,3.367,0.857,17.34416666666667,-6.521190482013157,48.400000000000006,224.9005
SOUTH DAKOTA,12.0,4.4,20.9,0.8277,22.8534,-174.993,-534.993,3.345,0.878,17.34416666666667,-7.657197616109637,52.8,274.24080000000004
SOUTH DAKOTA,13.0,4.4,20.9,0.8277,25.3521,148.791,-571.209,3.298,0.892,17.34416666666667,5.868981267823967,57.2,329.5773
SOUTH DAKOTA,14.0,4.4,20.9,0.8277,27.7443,108.53,-611.47,3.278,0.902,17.34416666666667,3.9117944947250423,61.60000000000001,388.4202
