,Variety,Freq,d(cm),M%,Density,Attn,Phase,Phase_Corr,Permittivity_real,Permittivity_imaginary
0,HI BRED 31D58,6,3.3,26.23,0.5602,9.2688,142.982,-217.018,3.595,0.984
1,HI BRED 31D58,7,3.3,26.23,0.5602,11.9033,114.498,-245.502,3.476,1.067
2,HI BRED 31D58,8,3.3,26.23,0.5602,14.9916,85.785,-274.215,3.383,1.163
3,HI BRED 31D58,9,3.3,26.23,0.5602,17.7882,63.083,-296.917,3.252,1.205
4,HI BRED 31D58,10,3.3,26.23,0.5602,20.2646,38.844,-321.156,3.165,1.224
5,HI BRED 31D58,11,3.3,26.23,0.5602,22.9748,13.03,-346.97,3.107,1.247
6,HI BRED 31D58,12,3.3,26.23,0.5602,26.7448,-13.854,-373.854,3.055,1.324
7,HI BRED 31D58,5,3.3,26.23,0.6412,8.2458,155.244,-204.756,4.062,1.119
8,HI BRED 31D58,6,3.3,26.23,0.6412,11.4698,121.366,-238.634,3.916,1.278
9,HI BRED 31D58,7,3.3,26.23,0.6412,14.244,92.966,-267.034,3.739,1.333
10,HI BRED 31D58,8,3.3,26.23,0.6412,17.3292,62.934,-297.066,3.624,1.4
11,HI BRED 31D58,9,3.3,26.23,0.6412,20.2646,38.988,-321.012,3.471,1.429
12,HI BRED 31D58,10,3.3,26.23,0.6412,22.8534,14.98,-345.02,3.356,1.428
13,HI BRED 31D58,11,3.3,26.23,0.6412,25.3521,-11.181,-371.181,3.283,1.42
14,HI BRED 31D58,12,3.3,26.23,0.6412,28.636,-40.321,-400.321,3.237,1.464
15,HI BRED 31D58,5,3.3,26.23,0.6974,8.4043,136.137,-223.863,4.461,1.194
16,HI BRED 31D58,6,3.3,26.23,0.6974,11.8692,97.442,-262.558,4.322,1.389
17,HI BRED 31D58,7,3.3,26.23,0.6974,15.0405,66.226,-293.774,4.115,1.474
18,HI BRED 31D58,8,3.3,26.23,0.6974,18.4164,34.706,-325.294,3.961,1.554
19,HI BRED 31D58,9,3.3,26.23,0.6974,21.6184,10.485,-349.515,3.763,1.588
20,HI BRED 31D58,10,3.3,26.23,0.6974,24.2934,-11.293,-371.293,3.59,1.569
21,HI BRED 31D58,11,3.3,26.23,0.6974,26.1961,-35.902,-395.902,3.485,1.519
22,HI BRED 31D58,12,3.3,26.23,0.6974,29.1186,-65.139,-425.139,3.428,1.526
23,HI BRED 31D58,6,3.3,27.19,0.5628,10.0063,133.783,-226.217,3.733,1.085
24,HI BRED 31D58,7,3.3,27.19,0.5628,12.995,105.325,-254.676,3.586,1.187
25,HI BRED 31D58,8,3.3,27.19,0.5628,16.5363,77.054,-282.946,3.466,1.302
26,HI BRED 31D58,9,3.3,27.19,0.5628,19.7433,57.272,-302.728,3.287,1.349
27,HI BRED 31D58,10,3.3,27.19,0.5628,22.0475,35.951,-324.049,3.171,1.336
28,HI BRED 31D58,11,3.3,27.19,0.5628,24.7314,9.194,-350.806,3.119,1.354
29,HI BRED 31D58,12,3.3,27.19,0.5628,29.3704,-16.154,-376.154,3.044,1.46
30,HI BRED 31D58,5,3.3,27.19,0.6542,8.2234,142.322,-217.678,4.332,1.151
31,HI BRED 31D58,6,3.3,27.19,0.6542,11.6009,104.642,-255.358,4.201,1.338
32,HI BRED 31D58,7,3.3,27.19,0.6542,14.6566,73.13,-286.87,4.019,1.42
33,HI BRED 31D58,8,3.3,27.19,0.6542,18.2728,40.41,-319.59,3.89,1.53
34,HI BRED 31D58,9,3.3,27.19,0.6542,21.8303,18.03,-341.97,3.676,1.587
35,HI BRED 31D58,10,3.3,27.19,0.6542,24.2934,-2.042,-362.042,3.501,1.547
36,HI BRED 31D58,11,3.3,27.19,0.6542,26.1961,-28.847,-388.847,3.424,1.506
37,HI BRED 31D58,12,3.3,27.19,0.6542,29.3704,-56.975,-416.975,3.358,1.536
38,HI BRED 31D58,5,3.3,27.19,0.7121,9.0691,125.903,-234.097,4.671,1.319
39,HI BRED 31D58,6,3.3,27.19,0.7121,12.6157,85.817,-274.183,4.517,1.511
40,HI BRED 31D58,7,3.3,27.19,0.7121,15.9176,52.269,-307.731,4.31,1.597
41,HI BRED 31D58,8,3.3,27.19,0.7121,19.828,17.807,-342.193,4.157,1.718
42,HI BRED 31D58,9,3.3,27.19,0.7121,23.8764,-4.779,-364.779,3.898,1.792
43,HI BRED 31D58,10,3.3,27.19,0.7121,26.558,-21.024,-381.024,3.655,1.732
44,HI BRED 31D58,11,3.3,27.19,0.7121,28.1787,-46.068,-406.068,3.551,1.649
45,HI BRED 31D58,6,3.3,28.52,0.4488,8.8258,155.395,-204.605,3.404,0.911
46,HI BRED 31D58,7,3.3,28.52,0.4488,12.1461,127.748,-232.252,3.294,1.061
47,HI BRED 31D58,8,3.3,28.52,0.4488,16.4205,99.521,-260.479,3.204,1.245
48,HI BRED 31D58,9,3.3,28.52,0.4488,21.6184,77.75,-282.25,3.052,1.431
49,HI BRED 31D58,10,3.3,28.52,0.4488,28.4043,65.06,-294.94,2.822,1.646
50,HI BRED 31D58,6,3.3,28.52,0.6089,11.1191,111.028,-248.972,4.098,1.266
51,HI BRED 31D58,7,3.3,28.52,0.6089,14.5632,78.352,-281.648,3.944,1.399
52,HI BRED 31D58,8,3.3,28.52,0.6089,18.786,48.3,-311.7,3.783,1.55
53,HI BRED 31D58,9,3.3,28.52,0.6089,22.7335,29.346,-330.654,3.54,1.619
54,HI BRED 31D58,10,3.3,28.52,0.6089,25.5145,14.207,-345.793,3.328,1.593
55,HI BRED 31D58,11,3.3,28.52,0.6089,27.535,-7.921,-367.921,3.228,1.541
56,HI BRED 31D58,5,3.3,28.52,0.6807,9.0939,131.088,-228.913,4.557,1.308
57,HI BRED 31D58,6,3.3,28.52,0.6807,12.7278,89.182,-270.819,4.454,1.51
58,HI BRED 31D58,7,3.3,28.52,0.6807,16.4205,54.47,-305.53,4.266,1.645
59,HI BRED 31D58,8,3.3,28.52,0.6807,21.0122,22.986,-337.014,4.069,1.802
60,HI BRED 31D58,9,3.3,28.52,0.6807,25.3521,4.903,-355.097,3.766,1.868
61,HI BRED 31D58,10,3.3,28.52,0.6807,27.9588,-6.514,-366.514,3.491,1.793
62,HI BRED 31D58,11,3.3,28.52,0.6807,29.3704,-27.302,-387.302,3.372,1.675
63,HI BRED 31D58,6,3.3,30.86,0.513,11.1818,124.442,-235.558,3.869,1.237
64,HI BRED 31D58,7,3.3,30.86,0.513,15.391,95.164,-264.836,3.69,1.432
65,HI BRED 31D58,8,3.3,30.86,0.513,20.7242,67.922,-292.078,3.508,1.657
66,HI BRED 31D58,9,3.3,30.86,0.513,27.1309,53.389,-306.611,3.21,1.864
67,HI BRED 31D58,5,3.3,30.86,0.6522,9.5251,127.168,-232.832,4.634,1.38
68,HI BRED 31D58,6,3.3,30.86,0.6522,13.3917,86.309,-273.691,4.492,1.602
69,HI BRED 31D58,7,3.3,30.86,0.6522,17.3292,53.421,-306.579,4.265,1.739
70,HI BRED 31D58,8,3.3,30.86,0.6522,22.0475,23.746,-336.254,4.038,1.896
71,HI BRED 31D58,9,3.3,30.86,0.6522,26.3752,9.29,-350.71,3.697,1.942
72,HI BRED 31D58,10,3.3,30.86,0.6522,28.1787,0.269,-359.731,3.421,1.795
73,HI BRED 31D58,11,3.3,30.86,0.6522,29.1186,-23.518,-383.518,3.342,1.655
74,HI BRED 31D58,5,3.3,30.86,0.7153,10.4287,105.565,-254.435,5.101,1.587
75,HI BRED 31D58,6,3.3,30.86,0.7153,14.751,61.289,-298.711,4.927,1.851
76,HI BRED 31D58,7,3.3,30.86,0.7153,19.2515,26.602,-333.398,4.643,2.016
77,HI BRED 31D58,8,3.3,30.86,0.7153,24.583,-3.947,-363.947,4.355,2.202
78,HI BRED 31D58,5,3.3,31.58,0.5587,8.336,148.832,-211.168,4.193,1.147
79,HI BRED 31D58,6,3.3,31.58,0.5587,12.5418,110.774,-249.226,4.077,1.427
80,HI BRED 31D58,7,3.3,31.58,0.5587,16.8933,81.589,-278.411,3.855,1.614
81,HI BRED 31D58,8,3.3,31.58,0.5587,22.3837,53.3,-306.7,3.656,1.835
82,HI BRED 31D58,9,3.3,31.58,0.5587,29.3704,41.572,-318.428,3.289,2.061
83,HI BRED 31D58,5,3.3,31.58,0.6611,9.4732,117.639,-242.361,4.847,1.406
84,HI BRED 31D58,6,3.3,31.58,0.6611,13.8074,73.678,-286.322,4.715,1.69
85,HI BRED 31D58,7,3.3,31.58,0.6611,18.2728,39.777,-320.223,4.455,1.877
86,HI BRED 31D58,8,3.3,31.58,0.6611,23.6091,10.449,-349.551,4.182,2.069
87,HI BRED 31D58,9,3.3,31.58,0.6611,28.8739,0.413,-359.587,3.75,2.149
88,HI BRED 31D58,5,3.3,31.58,0.7236,10.5742,98.786,-261.214,5.255,1.634
89,HI BRED 31D58,6,3.3,31.58,0.7236,15.1392,52.416,-307.584,5.088,1.928
90,HI BRED 31D58,7,3.3,31.58,0.7236,19.9136,16.411,-343.589,4.791,2.123
91,HI BRED 31D58,8,3.3,31.58,0.7236,25.8486,-14.492,-374.492,4.472,2.348
92,HI BRED 31D58,5.0,6.5,16.61,0.759,9.396,54.921,-305.079,3.151,0.566
93,HI BRED 31D58,6.0,6.5,16.61,0.759,12.5418,-1.535,-361.535,3.111,0.626
94,HI BRED 31D58,7.0,6.5,16.61,0.759,15.7031,-53.286,-413.286,3.051,0.666
95,HI BRED 31D58,8.0,6.5,16.61,0.759,19.3315,-111.775,-471.775,3.042,0.717
96,HI BRED 31D58,9.0,6.5,16.61,0.759,22.8534,-170.545,-530.545,3.036,0.756
97,HI BRED 31D58,10.0,6.5,16.61,0.759,26.7448,121.627,-598.373,3.072,0.799
98,HI BRED 31D58,11.0,6.5,16.61,0.759,29.6297,62.552,-657.448,3.068,0.804
99,HI BRED 31D58,5.0,6.5,16.61,0.8295,10.4576,33.979,-326.021,3.339,0.65
100,HI BRED 31D58,6.0,6.5,16.61,0.8295,13.6806,-25.355,-385.355,3.288,0.703
101,HI BRED 31D58,7.0,6.5,16.61,0.8295,16.8933,-80.255,-440.255,3.221,0.736
102,HI BRED 31D58,8.0,6.5,16.61,0.8295,20.4455,-142.67,-502.67,3.213,0.779
103,HI BRED 31D58,9.0,6.5,16.61,0.8295,23.7417,154.87,-565.13,3.209,0.804
104,HI BRED 31D58,10.0,6.5,16.61,0.8295,26.9357,84.391,-635.609,3.242,0.825
105,HI BRED 31D58,11.0,6.5,16.61,0.8295,29.1186,24.381,-695.619,3.229,0.812
106,HI BRED 31D58,5.0,6.5,16.61,0.8622,10.995,24.1,-335.9,3.43,0.692
107,HI BRED 31D58,6.0,6.5,16.61,0.8622,14.2889,-36.405,-396.405,3.371,0.744
108,HI BRED 31D58,7.0,6.5,16.61,0.8622,17.523,-92.512,-452.512,3.3,0.774
109,HI BRED 31D58,8.0,6.5,16.61,0.8622,21.1103,-156.357,-516.357,3.29,0.816
110,HI BRED 31D58,9.0,6.5,16.61,0.8622,24.437,139.867,-580.133,3.283,0.839
111,HI BRED 31D58,10.0,6.5,16.61,0.8622,27.535,68.224,-651.776,3.315,0.856
112,HI BRED 31D58,11.0,6.5,16.61,0.8622,29.6297,7.285,-712.715,3.299,0.838
113,HI BRED 33H82,6.0,8.5,9.47,0.8255,9.0445,-36.369,-396.369,2.705,0.321
114,HI BRED 33H82,7.0,8.5,9.47,0.8255,10.6923,-96.376,-456.376,2.677,0.324
115,HI BRED 33H82,8.0,8.5,9.47,0.8255,12.3597,-162.103,-522.103,2.679,0.328
116,HI BRED 33H82,9.0,8.5,9.47,0.8255,13.893,136.632,-583.369,2.665,0.326
117,HI BRED 33H82,10.0,8.5,9.47,0.8255,15.6503,70.814,-649.186,2.668,0.331
118,HI BRED 33H82,11.0,8.5,9.47,0.8255,17.3292,11.865,-708.135,2.65,0.333
119,HI BRED 33H82,12.0,8.5,9.47,0.8255,19.1721,-49.925,-769.925,2.643,0.337
120,HI BRED 33H82,13.0,8.5,9.47,0.8255,20.8192,-106.617,-826.617,2.625,0.337
121,HI BRED 33H82,14.0,8.5,9.47,0.8255,22.9748,-169.599,-889.599,2.623,0.344
122,HI BRED 33H82,15.0,8.5,9.47,0.8255,25.5145,131.237,-948.763,2.613,0.357
123,HI BRED 33H82,16.0,8.5,9.47,0.8255,29.6297,69.927,-1010.073,2.607,0.387
124,HI BRED 33H82,6.0,8.5,9.47,0.8844,9.4474,-56.137,-416.137,2.812,0.342
125,HI BRED 33H82,7.0,8.5,9.47,0.8844,11.1191,-118.831,-478.831,2.78,0.343
126,HI BRED 33H82,8.0,8.5,9.47,0.8844,12.8033,172.748,-547.252,2.78,0.345
127,HI BRED 33H82,9.0,8.5,9.47,0.8844,14.2889,109.444,-610.556,2.762,0.342
128,HI BRED 33H82,10.0,8.5,9.47,0.8844,15.9721,41.855,-678.145,2.761,0.344
129,HI BRED 33H82,11.0,8.5,9.47,0.8844,17.6546,-18.7,-738.7,2.739,0.344
130,HI BRED 33H82,12.0,8.5,9.47,0.8844,19.4123,-82.506,-802.506,2.73,0.347
131,HI BRED 33H82,13.0,8.5,9.47,0.8844,21.1103,-141.22,-861.22,2.71,0.347
132,HI BRED 33H82,14.0,8.5,9.47,0.8844,23.3498,153.452,-926.549,2.707,0.355
133,HI BRED 33H82,15.0,8.5,9.47,0.8844,26.1961,91.537,-988.463,2.697,0.371
134,HI BRED 33H82,6,8.5,9.47,0.9017,9.6034,-64.817,-424.817,2.859,0.351
135,HI BRED 33H82,7,8.5,9.47,0.9017,11.2767,-128.489,-488.489,2.826,0.351
136,HI BRED 33H82,8,8.5,9.47,0.9017,12.9563,162.261,-557.739,2.823,0.352
137,HI BRED 33H82,9,8.5,9.47,0.9017,14.3793,98.264,-621.736,2.803,0.347
138,HI BRED 33H82,10,8.5,9.47,0.9017,16.0269,29.662,-690.338,2.801,0.348
139,HI BRED 33H82,11,8.5,9.47,0.9017,17.6546,-32.279,-752.279,2.78,0.347
140,HI BRED 33H82,12,8.5,9.47,0.9017,19.5762,-97.804,-817.804,2.772,0.353
141,HI BRED 33H82,13,8.5,9.47,0.9017,21.6184,-157.639,-877.639,2.75,0.357
142,HI BRED 33H82,14,8.5,9.47,0.9017,24.0132,136.714,-943.286,2.745,0.369
143,HI BRED 33H82,15,8.5,9.47,0.9017,27.1309,74.592,-1005.408,2.732,0.386
144,HI BRED 33H82,6.0,8.5,9.75,0.8348,9.5511,-45.217,-405.217,2.752,0.342
145,HI BRED 33H82,7.0,8.5,9.75,0.8348,11.3086,-106.492,-466.492,2.723,0.345
146,HI BRED 33H82,8.0,8.5,9.75,0.8348,13.0729,-173.226,-533.226,2.723,0.349
147,HI BRED 33H82,9.0,8.5,9.75,0.8348,14.6566,124.846,-595.154,2.706,0.347
148,HI BRED 33H82,10.0,8.5,9.75,0.8348,16.4782,58.482,-661.518,2.706,0.351
149,HI BRED 33H82,11.0,8.5,9.75,0.8348,18.2728,-0.868,-720.868,2.686,0.353
150,HI BRED 33H82,12.0,8.5,9.75,0.8348,20.3546,-62.641,-782.641,2.676,0.359
151,HI BRED 33H82,13.0,8.5,9.75,0.8348,22.1581,-118.584,-838.584,2.653,0.36
152,HI BRED 33H82,14.0,8.5,9.75,0.8348,24.437,179.764,-900.236,2.646,0.367
153,HI BRED 33H82,15.0,8.5,9.75,0.8348,26.9357,121.679,-958.321,2.631,0.379
154,HI BRED 33H82,6.0,8.5,9.75,0.8773,9.897,-59.619,-419.619,2.83,0.359
155,HI BRED 33H82,7.0,8.5,9.75,0.8773,11.634,-122.506,-482.506,2.797,0.36
156,HI BRED 33H82,8.0,8.5,9.75,0.8773,13.3512,168.926,-551.074,2.795,0.361
157,HI BRED 33H82,9.0,8.5,9.75,0.8773,14.8464,105.288,-614.713,2.776,0.356
158,HI BRED 33H82,10.0,8.5,9.75,0.8773,16.5948,36.935,-683.065,2.776,0.358
159,HI BRED 33H82,11.0,8.5,9.75,0.8773,18.3443,-24.486,-744.486,2.756,0.359
160,HI BRED 33H82,12.0,8.5,9.75,0.8773,20.4455,-88.554,-808.554,2.745,0.366
161,HI BRED 33H82,13.0,8.5,9.75,0.8773,22.4988,-146.131,-866.131,2.721,0.37
162,HI BRED 33H82,14.0,8.5,9.75,0.8773,24.8825,151.169,-928.831,2.711,0.379
163,HI BRED 33H82,15.0,8.5,9.75,0.8773,27.7443,92.227,-987.773,2.694,0.393
164,HI BRED 33H82,5.0,8.5,9.75,0.8963,8.0242,4.846,-355.154,2.867,0.352
165,HI BRED 33H82,6.0,8.5,9.75,0.8963,10.0338,-64.483,-424.483,2.857,0.366
166,HI BRED 33H82,7.0,8.5,9.75,0.8963,11.734,-128.206,-488.206,2.823,0.365
167,HI BRED 33H82,8.0,8.5,9.75,0.8963,13.4324,162.496,-557.504,2.821,0.366
168,HI BRED 33H82,9.0,8.5,9.75,0.8963,14.9429,98.451,-621.549,2.801,0.36
169,HI BRED 33H82,10.0,8.5,9.75,0.8963,16.6537,29.796,-690.204,2.8,0.361
170,HI BRED 33H82,11.0,8.5,9.75,0.8963,18.4164,-32.075,-752.075,2.778,0.362
171,HI BRED 33H82,12.0,8.5,9.75,0.8963,20.5374,-97.072,-817.072,2.768,0.369
172,HI BRED 33H82,13.0,8.5,9.75,0.8963,22.7335,-155.785,-875.785,2.744,0.375
173,HI BRED 33H82,14.0,8.5,9.75,0.8963,25.1927,140.231,-939.769,2.736,0.387
174,HI BRED 33H82,15.0,8.5,9.75,0.8963,28.1787,79.93,-1000.07,2.72,0.403
175,HI BRED 33H82,6,3.3,26.67,0.5502,9.3195,138.645,-221.355,3.664,0.998
176,HI BRED 33H82,7,3.3,26.67,0.5502,12.2167,109.635,-250.365,3.538,1.107
177,HI BRED 33H82,8,3.3,26.67,0.5502,15.7562,79.868,-280.132,3.443,1.235
178,HI BRED 33H82,9,3.3,26.67,0.5502,18.9384,58.634,-301.366,3.283,1.295
179,HI BRED 33H82,10,3.3,26.67,0.5502,21.5144,34.158,-325.842,3.195,1.304
180,HI BRED 33H82,11,3.3,26.67,0.5502,24.583,5.69,-354.31,3.149,1.354
181,HI BRED 33H82,12,3.3,26.67,0.5502,29.1186,-18.442,-378.442,3.064,1.452
182,HI BRED 33H82,6,3.3,26.67,0.6343,11.1504,117.101,-242.9,3.994,1.253
183,HI BRED 33H82,7,3.3,26.67,0.6343,14.0229,87.082,-272.918,3.827,1.323
184,HI BRED 33H82,8,3.3,26.67,0.6343,17.4579,54.929,-305.071,3.721,1.426
185,HI BRED 33H82,9,3.3,26.67,0.6343,20.8192,33.147,-326.853,3.527,1.475
186,HI BRED 33H82,10,3.3,26.67,0.6343,22.8534,10.232,-349.768,3.402,1.433
187,HI BRED 33H82,11,3.3,26.67,0.6343,25.1927,-19.847,-379.847,3.359,1.427
188,HI BRED 33H82,12,3.3,26.67,0.6343,28.8739,-48.168,-408.168,3.296,1.486
189,HI BRED 33H82,5,3.3,26.67,0.6851,8.4502,137.515,-222.486,4.431,1.197
190,HI BRED 33H82,6,3.3,26.67,0.6851,11.972,99.356,-260.644,4.287,1.394
191,HI BRED 33H82,7,3.3,26.67,0.6851,15.0897,66.721,-293.279,4.106,1.48
192,HI BRED 33H82,8,3.3,26.67,0.6851,19.0935,32.385,-327.615,3.979,1.621
193,HI BRED 33H82,9,3.3,26.67,0.6851,23.4785,12.973,-347.027,3.707,1.714
194,HI BRED 33H82,10,3.3,26.67,0.6851,25.5145,-1.358,-361.358,3.478,1.622
195,HI BRED 33H82,11,3.3,26.67,0.6851,27.1309,-29.461,-389.461,3.418,1.56
196,HI BRED 33H82,5,3.3,33.55,0.6076,8.5658,123.066,-236.934,4.744,1.252
197,HI BRED 33H82,6,3.3,33.55,0.6076,13.1515,77.87,-282.13,4.651,1.599
198,HI BRED 33H82,7,3.3,33.55,0.6076,18.1316,43.326,-316.674,4.403,1.85
199,HI BRED 33H82,8,3.3,33.55,0.6076,24.2934,13.769,-346.231,4.124,2.12
200,HI BRED 33H82,5,3.3,33.55,0.691,10.782,95.099,-264.901,5.336,1.681
201,HI BRED 33H82,6,3.3,33.55,0.691,16.082,48.466,-311.534,5.142,2.067
202,HI BRED 33H82,7,3.3,33.55,0.691,21.6184,15.066,-344.934,4.771,2.314
203,HI BRED 33H82,8,3.3,33.55,0.691,28.4043,-13.502,-373.502,4.398,2.577
204,HI BRED 33H82,5,3.3,33.55,0.7443,12.1813,67.227,-292.773,5.979,2.009
205,HI BRED 33H82,6,3.3,33.55,0.7443,18.4164,15.918,-344.082,5.733,2.499
206,HI BRED 33H82,7,3.3,33.55,0.7443,25.3521,-17.935,-377.935,5.22,2.86
207,HI BRED 33H82,6,2,33.55,0.5261,9.2688,-150.217,-150.217,3.994,1.737
208,HI BRED 33H82,7,2,33.55,0.5261,12.2879,-168.698,-168.698,3.783,1.936
209,HI BRED 33H82,8,2,33.55,0.5261,15.9721,171.497,-188.503,3.627,2.174
210,HI BRED 33H82,9,2,33.55,0.5261,20.0873,152.715,-207.285,3.465,2.401
211,HI BRED 33H82,10,2,33.55,0.5261,27.1309,130.96,-229.04,3.267,2.905
212,HI BRED 33H82,6,2,33.55,0.6227,10.9031,171.997,-188.004,5.067,2.301
213,HI BRED 33H82,7,2,33.55,0.6227,14.1107,147.421,-212.579,4.825,2.51
214,HI BRED 33H82,8,2,33.55,0.6227,18.0618,121.263,-238.737,4.649,2.781
215,HI BRED 33H82,9,2,33.55,0.6227,21.6184,99.138,-260.862,4.439,2.91
216,HI BRED 33H82,10,2,33.55,0.6227,25.1927,67.034,-292.966,4.454,3.068
217,HI BRED 33H82,6,2,33.55,0.6894,11.6672,151.786,-208.214,5.697,2.614
218,HI BRED 33H82,7,2,33.55,0.6894,15.189,124.188,-235.812,5.422,2.868
219,HI BRED 33H82,8,2,33.55,0.6894,19.3315,97.546,-262.454,5.16,3.149
220,HI BRED 33H82,9,2,33.55,0.6894,22.6154,76.93,-283.07,4.861,3.192
221,HI BRED 33H82,10,2,33.55,0.6894,25.1927,46.458,-313.542,4.839,3.199
222,HI BRED 33H82,11,2,33.55,0.6894,28.4043,8.841,-351.159,4.93,3.294
223,HI BRED 33Y74,6.0,7.9,10.98,0.7582,8.8981,-1.555,-361.555,2.665,0.337
224,HI BRED 33Y74,7.0,7.9,10.98,0.7582,10.8122,-55.275,-415.275,2.632,0.349
225,HI BRED 33Y74,8.0,7.9,10.98,0.7582,12.9178,-115.238,-475.238,2.633,0.365
226,HI BRED 33Y74,9.0,7.9,10.98,0.7582,14.9429,-171.907,-531.907,2.622,0.376
227,HI BRED 33Y74,10.0,7.9,10.98,0.7582,17.2656,127.527,-592.474,2.626,0.39
228,HI BRED 33Y74,11.0,7.9,10.98,0.7582,19.2515,74.5,-645.5,2.606,0.394
229,HI BRED 33Y74,12.0,7.9,10.98,0.7582,21.0122,19.454,-700.546,2.596,0.394
230,HI BRED 33Y74,13.0,7.9,10.98,0.7582,22.6154,-32.384,-752.384,2.579,0.39
231,HI BRED 33Y74,14.0,7.9,10.98,0.7582,24.8825,-91.568,-811.568,2.582,0.399
232,HI BRED 33Y74,15.0,7.9,10.98,0.7582,27.9588,-148.039,-868.039,2.577,0.418
233,HI BRED 33Y74,6.0,7.9,10.98,0.8161,9.5251,-21.688,-381.688,2.78,0.369
234,HI BRED 33Y74,7.0,7.9,10.98,0.8161,11.405,-77.715,-437.715,2.741,0.377
235,HI BRED 33Y74,8.0,7.9,10.98,0.8161,13.4733,-140.401,-500.401,2.741,0.389
236,HI BRED 33Y74,9.0,7.9,10.98,0.8161,15.4423,160.156,-559.844,2.729,0.396
237,HI BRED 33Y74,10.0,7.9,10.98,0.8161,17.7211,96.195,-623.805,2.734,0.408
238,HI BRED 33Y74,11.0,7.9,10.98,0.8161,19.6593,39.787,-680.213,2.715,0.412
239,HI BRED 33Y74,12.0,7.9,10.98,0.8161,21.5144,-18.594,-738.594,2.704,0.412
240,HI BRED 33Y74,13.0,7.9,10.98,0.8161,23.098,-72.632,-792.632,2.685,0.407
241,HI BRED 33Y74,14.0,7.9,10.98,0.8161,25.1927,-133.268,-853.268,2.683,0.412
242,HI BRED 33Y74,15.0,7.9,10.98,0.8161,27.9588,169.954,-910.046,2.673,0.425
243,HI BRED 33Y74,6.0,7.9,10.98,0.8495,9.8159,-31.178,-391.178,2.835,0.384
244,HI BRED 33Y74,7.0,7.9,10.98,0.8495,11.7005,-88.255,-448.255,2.794,0.39
245,HI BRED 33Y74,8.0,7.9,10.98,0.8495,13.8074,-151.838,-511.838,2.791,0.402
246,HI BRED 33Y74,9.0,7.9,10.98,0.8495,15.8097,147.961,-572.039,2.775,0.409
247,HI BRED 33Y74,10.0,7.9,10.98,0.8495,18.1316,83.014,-636.986,2.779,0.421
248,HI BRED 33Y74,11.0,7.9,10.98,0.8495,20.0873,25.295,-694.705,2.76,0.424
249,HI BRED 33Y74,12.0,7.9,10.98,0.8495,21.9382,-34.923,-754.923,2.751,0.424
250,HI BRED 33Y74,13.0,7.9,10.98,0.8495,23.6091,-90.533,-810.533,2.732,0.418
251,HI BRED 33Y74,14.0,7.9,10.98,0.8495,25.5145,-152.243,-872.243,2.73,0.421
252,HI BRED 33Y74,15.0,7.9,10.98,0.8495,27.9588,150.723,-929.277,2.717,0.43
253,HI BRED 33Y74,5.0,7.9,13.92,0.7581,9.2436,29.45,-330.55,2.865,0.436
254,HI BRED 33Y74,6.0,7.9,13.92,0.7581,11.972,-32.978,-392.978,2.84,0.469
255,HI BRED 33Y74,7.0,7.9,13.92,0.7581,14.5632,-91.324,-451.324,2.802,0.487
256,HI BRED 33Y74,8.0,7.9,13.92,0.7581,17.3933,-156.423,-516.423,2.803,0.508
257,HI BRED 33Y74,9.0,7.9,13.92,0.7581,19.828,141.768,-578.232,2.791,0.514
258,HI BRED 33Y74,10.0,7.9,13.92,0.7581,22.2702,75.477,-644.523,2.798,0.521
259,HI BRED 33Y74,11.0,7.9,13.92,0.7581,24.583,18.015,-701.985,2.775,0.519
260,HI BRED 33Y74,12.0,7.9,13.92,0.7581,26.9357,-39.305,-759.305,2.756,0.522
261,HI BRED 33Y74,13.0,7.9,13.92,0.7581,29.3704,-90.386,-810.386,2.723,0.521
262,HI BRED 33Y74,5.0,7.9,13.92,0.8185,10.0614,6.818,-353.182,3.026,0.488
263,HI BRED 33Y74,6.0,7.9,13.92,0.8185,12.8795,-59.529,-419.529,2.997,0.519
264,HI BRED 33Y74,7.0,7.9,13.92,0.8185,15.5457,-121.516,-481.516,2.954,0.533
265,HI BRED 33Y74,8.0,7.9,13.92,0.8185,18.2019,169.899,-550.101,2.952,0.547
266,HI BRED 33Y74,9.0,7.9,13.92,0.8185,20.4455,105.709,-614.291,2.933,0.544
267,HI BRED 33Y74,10.0,7.9,13.92,0.8185,22.7335,37.623,-682.377,2.933,0.543
268,HI BRED 33Y74,11.0,7.9,13.92,0.8185,24.7314,-21.576,-741.576,2.903,0.536
269,HI BRED 33Y74,12.0,7.9,13.92,0.8185,27.3306,-81.259,-801.259,2.88,0.538
270,HI BRED 33Y74,13.0,7.9,13.92,0.8185,29.6297,-133.701,-853.701,2.84,0.538
271,HI BRED 33Y74,5.0,7.9,13.92,0.853,10.4866,-5.008,-365.008,3.112,0.517
272,HI BRED 33Y74,6.0,7.9,13.92,0.853,13.3917,-73.665,-433.665,3.082,0.547
273,HI BRED 33Y74,7.0,7.9,13.92,0.853,16.082,-137.813,-497.813,3.038,0.56
274,HI BRED 33Y74,8.0,7.9,13.92,0.853,18.8619,151.65,-568.35,3.034,0.574
275,HI BRED 33Y74,9.0,7.9,13.92,0.853,21.1103,86.24,-633.76,3.011,0.569
276,HI BRED 33Y74,10.0,7.9,13.92,0.853,23.3498,17.358,-702.642,3.005,0.565
277,HI BRED 33Y74,11.0,7.9,13.92,0.853,25.3521,-42.646,-762.646,2.972,0.556
278,HI BRED 33Y74,12.0,7.9,13.92,0.853,27.7443,-103.821,-823.821,2.947,0.556
279,HI BRED 33Y74,6.0,4.4,15.96,0.7516,8.0681,118.51,-241.491,3.077,0.592
280,HI BRED 33Y74,7.0,4.4,15.96,0.7516,9.3195,85.145,-274.855,3.013,0.58
281,HI BRED 33Y74,8.0,4.4,15.96,0.7516,11.0568,47.833,-312.167,2.994,0.601
282,HI BRED 33Y74,9.0,4.4,15.96,0.7516,12.9178,15.982,-344.018,2.94,0.617
283,HI BRED 33Y74,10.0,4.4,15.96,0.7516,14.6566,-17.466,-377.466,2.907,0.627
284,HI BRED 33Y74,11.0,4.4,15.96,0.7516,16.3062,-49.811,-409.811,2.875,0.633
285,HI BRED 33Y74,12.0,4.4,15.96,0.7516,18.4164,-84.523,-444.523,2.859,0.651
286,HI BRED 33Y74,13.0,4.4,15.96,0.7516,20.1755,-117.804,-477.804,2.839,0.657
287,HI BRED 33Y74,14.0,4.4,15.96,0.7516,22.6154,-158.14,-518.14,2.852,0.688
288,HI BRED 33Y74,15.0,4.4,15.96,0.7516,26.1961,166.54,-553.46,2.838,0.741
289,HI BRED 33Y74,16.0,4.4,15.96,0.7516,29.6297,137.281,-582.719,2.802,0.783
290,HI BRED 33Y74,6.0,4.4,15.96,0.8271,8.9954,94.293,-265.707,3.346,0.688
291,HI BRED 33Y74,7.0,4.4,15.96,0.8271,10.314,58.328,-301.672,3.265,0.668
292,HI BRED 33Y74,8.0,4.4,15.96,0.8271,12.111,17.968,-342.032,3.239,0.684
293,HI BRED 33Y74,9.0,4.4,15.96,0.8271,14.0667,-16.662,-376.662,3.175,0.7
294,HI BRED 33Y74,10.0,4.4,15.96,0.8271,15.9721,-52.572,-412.572,3.134,0.71
295,HI BRED 33Y74,11.0,4.4,15.96,0.8271,17.7211,-87.45,-447.45,3.094,0.714
296,HI BRED 33Y74,12.0,4.4,15.96,0.8271,20.0,-124.807,-484.807,3.072,0.735
297,HI BRED 33Y74,13.0,4.4,15.96,0.8271,21.8303,-159.026,-519.026,3.04,0.738
298,HI BRED 33Y74,14.0,4.4,15.96,0.8271,24.0132,158.943,-561.057,3.048,0.755
299,HI BRED 33Y74,15.0,4.4,15.96,0.8271,27.1309,119.312,-600.689,3.041,0.798
300,HI BRED 33Y74,6.0,4.4,15.96,0.8749,9.396,82.936,-277.064,3.476,0.733
301,HI BRED 33Y74,7.0,4.4,15.96,0.8749,10.782,45.617,-314.383,3.388,0.713
302,HI BRED 33Y74,8.0,4.4,15.96,0.8749,12.6157,3.7,-356.3,3.36,0.727
303,HI BRED 33Y74,9.0,4.4,15.96,0.8749,14.6566,-32.655,-392.655,3.294,0.743
304,HI BRED 33Y74,10.0,4.4,15.96,0.8749,16.6537,-70.096,-430.096,3.249,0.756
305,HI BRED 33Y74,11.0,4.4,15.96,0.8749,18.5624,-106.114,-466.114,3.205,0.759
306,HI BRED 33Y74,12.0,4.4,15.96,0.8749,20.9151,-145.04,-505.04,3.182,0.781
307,HI BRED 33Y74,13.0,4.4,15.96,0.8749,22.8534,179.942,-540.058,3.144,0.787
308,HI BRED 33Y74,14.0,4.4,15.96,0.8749,25.1927,138.025,-581.975,3.144,0.801
309,HI BRED 33Y74,15.0,4.4,15.96,0.8749,28.1787,97.935,-622.065,3.133,0.839
310,HI BRED 33Y74,6.0,4.4,18.58,0.7306,9.7356,99.41,-260.59,3.281,0.739
311,HI BRED 33Y74,7.0,4.4,18.58,0.7306,11.4373,64.964,-295.036,3.192,0.734
312,HI BRED 33Y74,8.0,4.4,18.58,0.7306,13.6806,26.509,-333.491,3.157,0.764
313,HI BRED 33Y74,9.0,4.4,18.58,0.7306,16.0269,-5.718,-365.718,3.082,0.788
314,HI BRED 33Y74,10.0,4.4,18.58,0.7306,18.2728,-38.536,-398.536,3.027,0.801
315,HI BRED 33Y74,11.0,4.4,18.58,0.7306,20.3546,-71.268,-431.268,2.983,0.806
316,HI BRED 33Y74,12.0,4.4,18.58,0.7306,23.223,-106.79,-466.79,2.958,0.838
317,HI BRED 33Y74,13.0,4.4,18.58,0.7306,25.6799,-138.679,-498.679,2.92,0.855
318,HI BRED 33Y74,14.0,4.4,18.58,0.7306,28.8739,-177.837,-537.837,2.918,0.89
319,HI BRED 33Y74,5.0,4.4,18.58,0.8029,8.0901,115.226,-244.774,3.673,0.78
320,HI BRED 33Y74,6.0,4.4,18.58,0.8029,10.4576,75.16,-284.84,3.559,0.827
321,HI BRED 33Y74,7.0,4.4,18.58,0.8029,12.2879,38.341,-321.659,3.45,0.82
322,HI BRED 33Y74,8.0,4.4,18.58,0.8029,14.5632,-2.909,-362.909,3.405,0.845
323,HI BRED 33Y74,9.0,4.4,18.58,0.8029,17.0774,-38.311,-398.311,3.323,0.87
324,HI BRED 33Y74,10.0,4.4,18.58,0.8029,19.4939,-73.602,-433.602,3.257,0.889
325,HI BRED 33Y74,11.0,4.4,18.58,0.8029,21.7237,-108.292,-468.292,3.202,0.891
326,HI BRED 33Y74,12.0,4.4,18.58,0.8029,24.583,-146.58,-506.58,3.172,0.923
327,HI BRED 33Y74,13.0,4.4,18.58,0.8029,27.3306,-179.324,-539.324,3.12,0.938
328,HI BRED 33Y74,14.0,4.4,18.58,0.8029,29.897,140.983,-579.017,3.109,0.952
329,HI BRED 33Y74,5.0,4.4,18.58,0.8395,8.5194,103.847,-256.153,3.837,0.839
330,HI BRED 33Y74,6.0,4.4,18.58,0.8395,10.9643,61.817,-298.183,3.716,0.888
331,HI BRED 33Y74,7.0,4.4,18.58,0.8395,12.9563,23.426,-336.574,3.597,0.883
332,HI BRED 33Y74,8.0,4.4,18.58,0.8395,15.3401,-19.388,-379.388,3.546,0.91
333,HI BRED 33Y74,9.0,4.4,18.58,0.8395,18.0618,-56.131,-416.131,3.455,0.941
334,HI BRED 33Y74,10.0,4.4,18.58,0.8395,20.8192,-91.986,-451.986,3.377,0.965
335,HI BRED 33Y74,11.0,4.4,18.58,0.8395,23.098,-127.187,-487.187,3.312,0.965
336,HI BRED 33Y74,12.0,4.4,18.58,0.8395,26.1961,-167.099,-527.099,3.281,1.001
337,HI BRED 33Y74,13.0,4.4,18.58,0.8395,29.3704,159.971,-560.03,3.218,1.023
338,HI BRED 33Y74,7.0,8.5,8.06,0.7821,8.2458,-59.973,-419.973,2.517,0.242
339,HI BRED 33Y74,8.0,8.5,8.06,0.7821,9.8429,-121.358,-481.358,2.521,0.253
340,HI BRED 33Y74,9.0,8.5,8.06,0.7821,11.4698,-178.958,-538.958,2.512,0.261
341,HI BRED 33Y74,10.0,8.5,8.06,0.7821,13.3512,118.997,-601.003,2.518,0.274
342,HI BRED 33Y74,11.0,8.5,8.06,0.7821,15.0897,63.026,-656.974,2.506,0.281
343,HI BRED 33Y74,12.0,8.5,8.06,0.7821,16.8328,3.461,-716.539,2.505,0.288
344,HI BRED 33Y74,13.0,8.5,8.06,0.7821,18.4891,-51.89,-771.89,2.495,0.291
345,HI BRED 33Y74,14.0,8.5,8.06,0.7821,20.5374,-113.229,-833.229,2.498,0.3
346,HI BRED 33Y74,15.0,8.5,8.06,0.7821,22.8534,-170.832,-890.832,2.494,0.312
347,HI BRED 33Y74,16.0,8.5,8.06,0.7821,25.6799,126.855,-953.145,2.498,0.329
348,HI BRED 33Y74,17.0,8.5,8.06,0.7821,28.1787,70.413,-1009.587,2.492,0.34
349,HI BRED 33Y74,7.0,8.5,8.06,0.8273,8.5658,-78.224,-438.224,2.598,0.255
350,HI BRED 33Y74,8.0,8.5,8.06,0.8273,10.1728,-142.462,-502.462,2.604,0.266
351,HI BRED 33Y74,9.0,8.5,8.06,0.8273,11.8013,157.538,-562.462,2.594,0.273
352,HI BRED 33Y74,10.0,8.5,8.06,0.8273,13.6387,93.301,-626.699,2.599,0.285
353,HI BRED 33Y74,11.0,8.5,8.06,0.8273,15.3401,35.673,-684.327,2.584,0.29
354,HI BRED 33Y74,12.0,8.5,8.06,0.8273,17.0156,-25.528,-745.528,2.581,0.295
355,HI BRED 33Y74,13.0,8.5,8.06,0.8273,18.5624,-82.374,-802.374,2.568,0.297
356,HI BRED 33Y74,14.0,8.5,8.06,0.8273,20.6303,-145.249,-865.249,2.57,0.306
357,HI BRED 33Y74,15.0,8.5,8.06,0.8273,22.8534,156.061,-923.939,2.563,0.317
358,HI BRED 33Y74,16.0,8.5,8.06,0.8273,25.6799,93.286,-986.714,2.564,0.333
359,HI BRED 33Y74,17.0,8.5,8.06,0.8273,27.9588,37.343,-1042.657,2.553,0.341
360,HI BRED 33Y74,18.0,8.5,8.06,0.8273,29.897,-21.205,-1101.205,2.548,0.343
361,HI BRED 33Y74,7.0,8.5,8.06,0.8549,8.8499,-88.734,-448.734,2.645,0.266
362,HI BRED 33Y74,8.0,8.5,8.06,0.8549,10.4576,-154.304,-514.304,2.651,0.276
363,HI BRED 33Y74,9.0,8.5,8.06,0.8549,12.111,144.579,-575.421,2.639,0.283
364,HI BRED 33Y74,10.0,8.5,8.06,0.8549,13.9794,79.122,-640.878,2.643,0.294
365,HI BRED 33Y74,11.0,8.5,8.06,0.8549,15.6503,20.259,-699.741,2.628,0.298
366,HI BRED 33Y74,12.0,8.5,8.06,0.8549,17.3292,-42.414,-762.414,2.625,0.303
367,HI BRED 33Y74,13.0,8.5,8.06,0.8549,18.9384,-100.613,-820.613,2.612,0.305
368,HI BRED 33Y74,14.0,8.5,8.06,0.8549,20.9151,-164.851,-884.851,2.614,0.313
369,HI BRED 33Y74,15.0,8.5,8.06,0.8549,23.223,135.449,-944.551,2.606,0.323
370,HI BRED 33Y74,16.0,8.5,8.06,0.8549,26.0206,72.234,-1007.766,2.605,0.34
371,HI BRED 33Y74,17.0,8.5,8.06,0.8549,28.4043,16.948,-1063.052,2.59,0.349
372,HI BRED 33Y74,5.0,4.4,20.66,0.6857,8.2458,125.287,-234.713,3.526,0.778
373,HI BRED 33Y74,6.0,4.4,20.66,0.6857,10.9031,85.479,-274.521,3.432,0.847
374,HI BRED 33Y74,7.0,4.4,20.66,0.6857,13.2708,50.017,-309.983,3.325,0.87
375,HI BRED 33Y74,8.0,4.4,20.66,0.6857,16.1934,11.747,-348.253,3.265,0.922
376,HI BRED 33Y74,9.0,4.4,20.66,0.6857,19.3315,-19.152,-379.152,3.161,0.964
377,HI BRED 33Y74,10.0,4.4,20.66,0.6857,22.1581,-48.13,-408.13,3.067,0.982
378,HI BRED 33Y74,11.0,4.4,20.66,0.6857,24.437,-78.607,-438.607,3.003,0.976
379,HI BRED 33Y74,12.0,4.4,20.66,0.6857,27.7443,-114.453,-474.453,2.975,1.011
380,HI BRED 33Y74,5.0,4.4,20.66,0.753,8.9223,107.082,-252.918,3.784,0.874
381,HI BRED 33Y74,6.0,4.4,20.66,0.753,11.634,63.942,-296.058,3.684,0.937
382,HI BRED 33Y74,7.0,4.4,20.66,0.753,14.1107,25.663,-334.337,3.564,0.958
383,HI BRED 33Y74,8.0,4.4,20.66,0.753,17.1397,-15.106,-375.106,3.493,1.011
384,HI BRED 33Y74,9.0,4.4,20.66,0.753,20.4455,-48.082,-408.082,3.375,1.054
385,HI BRED 33Y74,10.0,4.4,20.66,0.753,23.4785,-78.286,-438.286,3.263,1.074
386,HI BRED 33Y74,11.0,4.4,20.66,0.753,25.8486,-108.788,-468.788,3.179,1.064
387,HI BRED 33Y74,12.0,4.4,20.66,0.753,29.1186,-143.258,-503.258,3.127,1.09
388,HI BRED 33Y74,5.0,4.4,20.66,0.7989,9.3704,90.928,-269.072,4.022,0.946
389,HI BRED 33Y74,6.0,4.4,20.66,0.7989,12.2879,44.783,-315.217,3.914,1.022
390,HI BRED 33Y74,7.0,4.4,20.66,0.7989,14.9916,4.327,-355.673,3.779,1.051
391,HI BRED 33Y74,8.0,4.4,20.66,0.7989,18.2728,-39.007,-399.007,3.7,1.112
392,HI BRED 33Y74,9.0,4.4,20.66,0.7989,22.0475,-75.195,-435.195,3.577,1.172
393,HI BRED 33Y74,10.0,4.4,20.66,0.7989,26.0206,-106.447,-466.447,3.442,1.225
394,HI BRED 33Y74,11.0,4.4,20.66,0.7989,28.8739,-135.036,-495.036,3.323,1.217
395,HI BRED 33Y74,6,3.3,22.57,0.5741,8.3815,171.726,-188.274,3.159,0.834
396,HI BRED 33Y74,7,3.3,22.57,0.5741,10.2572,145.883,-214.117,3.082,0.866
397,HI BRED 33Y74,8,3.3,22.57,0.5741,12.432,118.56,-241.44,3.038,0.914
398,HI BRED 33Y74,9,3.3,22.57,0.5741,14.6097,93.859,-266.141,2.978,0.945
399,HI BRED 33Y74,10,3.3,22.57,0.5741,17.2024,67.585,-292.415,2.94,0.996
400,HI BRED 33Y74,11,3.3,22.57,0.5741,19.9136,44.025,-315.975,2.886,1.039
401,HI BRED 33Y74,12,3.3,22.57,0.5741,23.223,20.086,-339.914,2.838,1.106
402,HI BRED 33Y74,13,3.3,22.57,0.5741,26.7448,0.586,-359.414,2.766,1.164
403,HI BRED 33Y74,6,3.3,22.57,0.6597,9.4732,144.728,-215.272,3.564,1.002
404,HI BRED 33Y74,7,3.3,22.57,0.6597,11.4373,115.767,-244.233,3.464,1.025
405,HI BRED 33Y74,8,3.3,22.57,0.6597,13.6806,85.335,-274.665,3.404,1.064
406,HI BRED 33Y74,9,3.3,22.57,0.6597,15.8635,58.002,-301.998,3.327,1.084
407,HI BRED 33Y74,10,3.3,22.57,0.6597,18.3443,28.876,-331.124,3.278,1.124
408,HI BRED 33Y74,11,3.3,22.57,0.6597,20.9151,2.204,-357.796,3.217,1.156
409,HI BRED 33Y74,12,3.3,22.57,0.6597,24.1522,-26.436,-386.436,3.176,1.213
410,HI BRED 33Y74,13,3.3,22.57,0.6597,27.3306,-52.623,-412.623,3.122,1.265
411,HI BRED 33Y74,5,3.3,22.57,0.7118,8.0461,159.841,-200.159,3.972,1.078
412,HI BRED 33Y74,6,3.3,22.57,0.7118,10.229,125.088,-234.912,3.874,1.129
413,HI BRED 33Y74,7,3.3,22.57,0.7118,12.3237,93.742,-266.258,3.758,1.15
414,HI BRED 33Y74,8,3.3,22.57,0.7118,14.7036,61.085,-298.915,3.684,1.188
415,HI BRED 33Y74,9,3.3,22.57,0.7118,16.9542,32.062,-327.938,3.589,1.204
416,HI BRED 33Y74,10,3.3,22.57,0.7118,19.4939,1.27,-358.73,3.527,1.238
417,HI BRED 33Y74,11,3.3,22.57,0.7118,22.0475,-27.118,-387.118,3.456,1.26
418,HI BRED 33Y74,12,3.3,22.57,0.7118,25.0362,-58.156,-418.156,3.414,1.306
419,HI BRED 33Y74,13,3.3,22.57,0.7118,28.1787,-87.304,-447.304,3.363,1.346
420,HI BRED 34M78,6.0,7.9,11.24,0.7873,9.3704,-12.876,-372.876,2.729,0.36
421,HI BRED 34M78,7.0,7.9,11.24,0.7873,11.2767,-68.104,-428.104,2.694,0.369
422,HI BRED 34M78,8.0,7.9,11.24,0.7873,13.3512,-129.801,-489.801,2.695,0.383
423,HI BRED 34M78,9.0,7.9,11.24,0.7873,15.391,171.671,-548.329,2.684,0.39
424,HI BRED 34M78,10.0,7.9,11.24,0.7873,17.5885,108.666,-611.334,2.691,0.403
425,HI BRED 34M78,11.0,7.9,11.24,0.7873,19.5762,53.141,-666.859,2.673,0.406
426,HI BRED 34M78,12.0,7.9,11.24,0.7873,21.5144,-4.136,-724.136,2.663,0.407
427,HI BRED 34M78,13.0,7.9,11.24,0.7873,23.098,-56.944,-776.944,2.643,0.404
428,HI BRED 34M78,14.0,7.9,11.24,0.7873,25.3521,-116.352,-836.352,2.642,0.411
429,HI BRED 34M78,15.0,7.9,11.24,0.7873,28.1787,-172.549,-892.549,2.632,0.426
430,HI BRED 34M78,6.0,7.9,11.24,0.8464,9.7891,-32.04,-392.04,2.841,0.384
431,HI BRED 34M78,7.0,7.9,11.24,0.8464,11.6672,-89.813,-449.813,2.802,0.39
432,HI BRED 34M78,8.0,7.9,11.24,0.8464,13.7649,-153.957,-513.957,2.8,0.401
433,HI BRED 34M78,9.0,7.9,11.24,0.8464,15.7031,145.517,-574.483,2.785,0.406
434,HI BRED 34M78,10.0,7.9,11.24,0.8464,17.7882,80.207,-639.793,2.79,0.415
435,HI BRED 34M78,11.0,7.9,11.24,0.8464,19.6593,21.947,-698.053,2.771,0.416
436,HI BRED 34M78,12.0,7.9,11.24,0.8464,21.6184,-38.839,-758.839,2.763,0.417
437,HI BRED 34M78,13.0,7.9,11.24,0.8464,23.3498,-94.352,-814.352,2.743,0.415
438,HI BRED 34M78,14.0,7.9,11.24,0.8464,25.5145,-155.189,-875.189,2.738,0.421
439,HI BRED 34M78,15.0,7.9,11.24,0.8464,28.1787,148.883,-931.117,2.721,0.432
440,HI BRED 34M78,5.0,7.9,11.24,0.8779,8.1565,22.142,-337.858,2.921,0.389
441,HI BRED 34M78,6.0,7.9,11.24,0.8779,10.2572,-41.2,-401.2,2.894,0.405
442,HI BRED 34M78,7.0,7.9,11.24,0.8779,12.1461,-100.297,-460.297,2.854,0.409
443,HI BRED 34M78,8.0,7.9,11.24,0.8779,14.1993,-165.887,-525.887,2.852,0.418
444,HI BRED 34M78,9.0,7.9,11.24,0.8779,16.082,132.302,-587.699,2.837,0.42
445,HI BRED 34M78,10.0,7.9,11.24,0.8779,18.1316,65.785,-654.215,2.841,0.426
446,HI BRED 34M78,11.0,7.9,11.24,0.8779,20.0,6.611,-713.389,2.82,0.425
447,HI BRED 34M78,12.0,7.9,11.24,0.8779,21.9382,-54.969,-774.969,2.81,0.427
448,HI BRED 34M78,13.0,7.9,11.24,0.8779,23.6091,-111.147,-831.147,2.788,0.424
449,HI BRED 34M78,14.0,7.9,11.24,0.8779,25.8486,-173.022,-893.022,2.782,0.43
450,HI BRED 34M78,15.0,7.9,11.24,0.8779,28.636,129.448,-950.552,2.766,0.442
451,HI BRED 34M78,6.0,6.5,13.93,0.7934,10.2008,18.285,-341.715,2.973,0.498
452,HI BRED 34M78,7.0,6.5,13.93,0.7934,12.3237,-29.32,-389.32,2.912,0.51
453,HI BRED 34M78,8.0,6.5,13.93,0.7934,14.7986,-82.579,-442.579,2.897,0.534
454,HI BRED 34M78,9.0,6.5,13.93,0.7934,17.523,-132.762,-492.762,2.87,0.56
455,HI BRED 34M78,10.0,6.5,13.93,0.7934,20.8192,173.963,-546.037,2.859,0.598
456,HI BRED 34M78,11.0,6.5,13.93,0.7934,23.6091,126.35,-593.65,2.83,0.613
457,HI BRED 34M78,12.0,6.5,13.93,0.7934,25.8486,73.345,-646.655,2.826,0.616
458,HI BRED 34M78,13.0,6.5,13.93,0.7934,27.7443,21.205,-698.795,2.821,0.609
459,HI BRED 34M78,5.0,6.5,13.93,0.8485,8.4962,53.418,-306.582,3.17,0.513
460,HI BRED 34M78,6.0,6.5,13.93,0.8485,10.8424,-1.566,-361.566,3.119,0.541
461,HI BRED 34M78,7.0,6.5,13.93,0.8485,12.995,-52.272,-412.272,3.056,0.551
462,HI BRED 34M78,8.0,6.5,13.93,0.8485,15.4938,-108.989,-468.989,3.041,0.574
463,HI BRED 34M78,9.0,6.5,13.93,0.8485,18.2019,-162.864,-522.864,3.015,0.596
464,HI BRED 34M78,10.0,6.5,13.93,0.8485,21.4116,138.926,-581.074,3.012,0.631
465,HI BRED 34M78,11.0,6.5,13.93,0.8485,24.0132,86.612,-633.388,2.987,0.643
466,HI BRED 34M78,12.0,6.5,13.93,0.8485,26.1961,29.972,-690.028,2.984,0.642
467,HI BRED 34M78,13.0,6.5,13.93,0.8485,27.7443,-24.461,-744.461,2.975,0.628
468,HI BRED 34M78,5.0,6.5,13.93,0.8804,8.8258,45.056,-314.944,3.245,0.54
469,HI BRED 34M78,6.0,6.5,13.93,0.8804,11.2133,-11.646,-371.646,3.194,0.568
470,HI BRED 34M78,7.0,6.5,13.93,0.8804,13.4324,-64.052,-424.052,3.13,0.577
471,HI BRED 34M78,8.0,6.5,13.93,0.8804,15.9721,-122.688,-482.688,3.117,0.6
472,HI BRED 34M78,9.0,6.5,13.93,0.8804,18.6363,-178.594,-538.594,3.092,0.618
473,HI BRED 34M78,10.0,6.5,13.93,0.8804,21.6184,120.657,-599.343,3.094,0.647
474,HI BRED 34M78,11.0,6.5,13.93,0.8804,24.1522,66.109,-653.891,3.071,0.655
475,HI BRED 34M78,12.0,6.5,13.93,0.8804,26.1961,8.047,-711.953,3.066,0.65
476,HI BRED 34M78,13.0,6.5,13.93,0.8804,27.7443,-46.68,-766.68,3.051,0.634
477,HI BRED 34M78,14.0,6.5,13.93,0.8804,29.897,-106.81,-826.81,3.055,0.634
478,HI BRED 34M78,7.0,4.4,14.0,0.7849,8.0901,93.9,-266.1,2.937,0.496
479,HI BRED 34M78,8.0,4.4,14.0,0.7849,9.396,58.837,-301.163,2.913,0.503
480,HI BRED 34M78,9.0,4.4,14.0,0.7849,10.6923,26.569,-333.431,2.874,0.504
481,HI BRED 34M78,10.0,4.4,14.0,0.7849,12.1461,-7.916,-367.916,2.856,0.515
482,HI BRED 34M78,11.0,4.4,14.0,0.7849,13.5556,-39.516,-399.516,2.825,0.52
483,HI BRED 34M78,12.0,4.4,14.0,0.7849,15.0897,-74.222,-434.222,2.816,0.53
484,HI BRED 34M78,13.0,4.4,14.0,0.7849,16.6537,-107.26,-467.26,2.799,0.537
485,HI BRED 34M78,14.0,4.4,14.0,0.7849,18.5624,-144.072,-504.072,2.801,0.557
486,HI BRED 34M78,15.0,4.4,14.0,0.7849,20.7242,-178.292,-538.292,2.791,0.58
487,HI BRED 34M78,16.0,4.4,14.0,0.7849,23.3498,145.692,-574.308,2.789,0.612
488,HI BRED 34M78,17.0,4.4,14.0,0.7849,25.6799,114.001,-605.999,2.77,0.633
489,HI BRED 34M78,18.0,4.4,14.0,0.7849,27.9588,78.905,-641.095,2.766,0.651
490,HI BRED 34M78,7.0,4.4,14.0,0.8566,8.7067,74.697,-285.303,3.116,0.551
491,HI BRED 34M78,8.0,4.4,14.0,0.8566,10.0063,37.116,-322.884,3.089,0.552
492,HI BRED 34M78,9.0,4.4,14.0,0.8566,11.3086,2.302,-357.698,3.047,0.55
493,HI BRED 34M78,10.0,4.4,14.0,0.8566,12.8413,-35.057,-395.057,3.031,0.561
494,HI BRED 34M78,11.0,4.4,14.0,0.8566,14.3793,-69.118,-429.118,2.997,0.567
495,HI BRED 34M78,12.0,4.4,14.0,0.8566,16.0269,-106.059,-466.059,2.984,0.579
496,HI BRED 34M78,13.0,4.4,14.0,0.8566,17.5885,-140.961,-500.961,2.964,0.585
497,HI BRED 34M78,14.0,4.4,14.0,0.8566,19.5762,-179.974,-539.974,2.964,0.604
498,HI BRED 34M78,15.0,4.4,14.0,0.8566,21.7237,143.616,-576.384,2.953,0.624
499,HI BRED 34M78,16.0,4.4,14.0,0.8566,24.2934,105.606,-614.394,2.947,0.656
500,HI BRED 34M78,17.0,4.4,14.0,0.8566,26.7448,73.505,-646.495,2.921,0.674
501,HI BRED 34M78,18.0,4.4,14.0,0.8566,28.4043,40.093,-679.907,2.904,0.676
502,HI BRED 34M78,7.0,4.4,14.0,0.849,8.9954,65.429,-294.571,3.203,0.577
503,HI BRED 34M78,8.0,4.4,14.0,0.849,10.3711,27.007,-332.993,3.172,0.58
504,HI BRED 34M78,9.0,4.4,14.0,0.849,11.734,-8.497,-368.497,3.126,0.578
505,HI BRED 34M78,10.0,4.4,14.0,0.849,13.3512,-46.647,-406.647,3.106,0.59
506,HI BRED 34M78,11.0,4.4,14.0,0.849,14.8945,-81.583,-441.583,3.07,0.596
507,HI BRED 34M78,12.0,4.4,14.0,0.849,16.6537,-119.675,-479.675,3.057,0.609
508,HI BRED 34M78,13.0,4.4,14.0,0.849,18.3443,-155.579,-515.579,3.035,0.617
509,HI BRED 34M78,14.0,4.4,14.0,0.849,20.4455,164.666,-555.334,3.034,0.638
510,HI BRED 34M78,15.0,4.4,14.0,0.849,22.6154,127.814,-592.187,3.019,0.658
511,HI BRED 34M78,16.0,4.4,14.0,0.849,25.1927,89.323,-630.677,3.012,0.689
512,HI BRED 34M78,17.0,4.4,14.0,0.849,27.535,56.482,-663.518,2.984,0.703
513,HI BRED 34M78,18.0,4.4,14.0,0.849,29.1186,22.004,-697.996,2.968,0.699
514,HI BRED 34M78,8.0,3.3,18.13,0.6038,8.683,140.039,-219.961,2.838,0.613
515,HI BRED 34M78,9.0,3.3,18.13,0.6038,10.0338,117.08,-242.92,2.793,0.625
516,HI BRED 34M78,10.0,3.3,18.13,0.6038,11.7676,93.024,-266.976,2.764,0.656
517,HI BRED 34M78,11.0,3.3,18.13,0.6038,13.5144,72.463,-287.537,2.714,0.679
518,HI BRED 34M78,12.0,3.3,18.13,0.6038,15.3401,51.833,-308.167,2.672,0.701
519,HI BRED 34M78,13.0,3.3,18.13,0.6038,16.8933,32.771,-327.229,2.629,0.708
520,HI BRED 34M78,14.0,3.3,18.13,0.6038,18.7108,10.876,-349.124,2.607,0.725
521,HI BRED 34M78,15.0,3.3,18.13,0.6038,20.7242,-9.756,-369.756,2.58,0.746
522,HI BRED 34M78,16.0,3.3,18.13,0.6038,23.223,-30.594,-390.594,2.555,0.781
523,HI BRED 34M78,17.0,3.3,18.13,0.6038,25.5145,-47.973,-407.973,2.517,0.803
524,HI BRED 34M78,18.0,3.3,18.13,0.6038,28.4043,-66.665,-426.665,2.487,0.838
525,HI BRED 34M78,7.0,3.3,18.13,0.7132,8.6595,141.202,-218.798,3.159,0.738
526,HI BRED 34M78,8.0,3.3,18.13,0.7132,10.0338,113.268,-246.732,3.121,0.742
527,HI BRED 34M78,9.0,3.3,18.13,0.7132,11.3727,87.112,-272.888,3.073,0.744
528,HI BRED 34M78,10.0,3.3,18.13,0.7132,13.1122,59.005,-300.995,3.05,0.768
529,HI BRED 34M78,11.0,3.3,18.13,0.7132,14.8945,34.062,-325.938,3.005,0.79
530,HI BRED 34M78,12.0,3.3,18.13,0.7132,17.0156,8.527,-351.473,2.971,0.821
531,HI BRED 34M78,13.0,3.3,18.13,0.7132,18.8619,-14.27,-374.27,2.924,0.836
532,HI BRED 34M78,14.0,3.3,18.13,0.7132,21.0122,-39.124,-399.124,2.896,0.859
533,HI BRED 34M78,15.0,3.3,18.13,0.7132,23.098,-62.408,-422.408,2.862,0.878
534,HI BRED 34M78,16.0,3.3,18.13,0.7132,25.5145,-87.288,-447.288,2.84,0.907
535,HI BRED 34M78,17.0,3.3,18.13,0.7132,27.7443,-109.865,-469.865,2.809,0.925
536,HI BRED 34M78,6.0,3.3,18.13,0.7813,8.0023,148.561,-211.439,3.522,0.84
537,HI BRED 34M78,7.0,3.3,18.13,0.7813,9.4217,120.515,-239.486,3.424,0.836
538,HI BRED 34M78,8.0,3.3,18.13,0.7813,10.9031,90.225,-269.775,3.377,0.841
539,HI BRED 34M78,9.0,3.3,18.13,0.7813,12.3597,62.115,-297.885,3.318,0.84
540,HI BRED 34M78,10.0,3.3,18.13,0.7813,14.1549,31.959,-328.041,3.288,0.861
541,HI BRED 34M78,11.0,3.3,18.13,0.7813,15.9721,4.937,-355.063,3.236,0.877
542,HI BRED 34M78,12.0,3.3,18.13,0.7813,17.9926,-23.416,-383.416,3.202,0.904
543,HI BRED 34M78,13.0,3.3,18.13,0.7813,19.9136,-49.445,-409.445,3.158,0.917
544,HI BRED 34M78,14.0,3.3,18.13,0.7813,22.1581,-78.202,-438.202,3.136,0.942
545,HI BRED 34M78,15.0,3.3,18.13,0.7813,24.2934,-105.134,-465.134,3.106,0.964
546,HI BRED 34M78,16.0,3.3,18.13,0.7813,26.9357,-133.814,-493.814,3.087,0.999
547,HI BRED 34M78,17.0,3.3,18.13,0.7813,29.3704,-159.366,-519.366,3.056,1.017
548,HI BRED 34M78,7.0,8.5,8.19,0.81,8.2683,-61.371,-421.371,2.523,0.243
549,HI BRED 34M78,8.0,8.5,8.19,0.81,9.7356,-123.49,-483.49,2.53,0.251
550,HI BRED 34M78,9.0,8.5,8.19,0.81,11.3086,178.227,-541.773,2.522,0.259
551,HI BRED 34M78,10.0,8.5,8.19,0.81,13.1911,116.224,-603.776,2.527,0.271
552,HI BRED 34M78,11.0,8.5,8.19,0.81,14.751,61.199,-658.801,2.512,0.275
553,HI BRED 34M78,12.0,8.5,8.19,0.81,16.1375,2.468,-717.532,2.509,0.276
554,HI BRED 34M78,13.0,8.5,8.19,0.81,17.3933,-53.454,-773.454,2.499,0.274
555,HI BRED 34M78,14.0,8.5,8.19,0.81,19.0935,-116.627,-836.627,2.507,0.28
556,HI BRED 34M78,15.0,8.5,8.19,0.81,21.4116,-175.877,-895.877,2.505,0.292
557,HI BRED 34M78,16.0,8.5,8.19,0.81,24.2934,121.772,-958.228,2.509,0.312
558,HI BRED 34M78,17.0,8.5,8.19,0.81,26.7448,68.183,-1011.817,2.497,0.322
559,HI BRED 34M78,18.0,8.5,8.19,0.81,28.1787,13.664,-1066.336,2.489,0.319
560,HI BRED 34M78,7.0,8.5,8.19,0.842,8.5658,-80.441,-440.441,2.608,0.256
561,HI BRED 34M78,8.0,8.5,8.19,0.842,10.0614,-144.896,-504.896,2.614,0.263
562,HI BRED 34M78,9.0,8.5,8.19,0.842,11.5679,154.773,-565.227,2.604,0.268
563,HI BRED 34M78,10.0,8.5,8.19,0.842,13.3109,90.383,-629.617,2.608,0.278
564,HI BRED 34M78,11.0,8.5,8.19,0.842,14.7986,32.892,-687.108,2.592,0.281
565,HI BRED 34M78,12.0,8.5,8.19,0.842,16.2496,-28.426,-748.426,2.589,0.282
566,HI BRED 34M78,13.0,8.5,8.19,0.842,17.5885,-86.276,-806.276,2.578,0.281
567,HI BRED 34M78,14.0,8.5,8.19,0.842,19.4123,-151.088,-871.088,2.584,0.288
568,HI BRED 34M78,15.0,8.5,8.19,0.842,21.6184,148.482,-931.518,2.58,0.3
569,HI BRED 34M78,16.0,8.5,8.19,0.842,24.437,85.361,-994.639,2.581,0.319
570,HI BRED 34M78,17.0,8.5,8.19,0.842,26.9357,32.014,-1047.986,2.564,0.328
571,HI BRED 34M78,18.0,8.5,8.19,0.842,27.9588,-21.859,-1101.859,2.55,0.322
572,HI BRED 34M78,7.0,8.5,8.19,0.8668,8.7541,-87.138,-447.138,2.638,0.263
573,HI BRED 34M78,8.0,8.5,8.19,0.8668,10.229,-152.185,-512.185,2.642,0.269
574,HI BRED 34M78,9.0,8.5,8.19,0.8668,11.734,146.869,-573.131,2.631,0.274
575,HI BRED 34M78,10.0,8.5,8.19,0.8668,13.4733,81.531,-638.469,2.636,0.284
576,HI BRED 34M78,11.0,8.5,8.19,0.8668,15.0405,22.869,-697.131,2.621,0.286
577,HI BRED 34M78,12.0,8.5,8.19,0.8668,16.5363,-39.689,-759.689,2.619,0.289
578,HI BRED 34M78,13.0,8.5,8.19,0.8668,17.9239,-98.253,-818.253,2.607,0.288
579,HI BRED 34M78,14.0,8.5,8.19,0.8668,19.7433,-163.192,-883.192,2.611,0.295
580,HI BRED 34M78,15.0,8.5,8.19,0.8668,21.9382,136.84,-943.16,2.604,0.306
581,HI BRED 34M78,16.0,8.5,8.19,0.8668,24.583,74.586,-1005.414,2.602,0.322
582,HI BRED 34M78,17.0,8.5,8.19,0.8668,26.7448,21.179,-1058.821,2.584,0.328
583,HI BRED 34M78,18.0,8.5,8.19,0.8668,27.7443,-35.206,-1115.206,2.574,0.32
584,HI BRED 34M78,6,3.3,24.29,0.5679,9.3449,162.124,-197.876,3.292,0.951
585,HI BRED 34M78,7,3.3,24.29,0.5679,11.6009,133.731,-226.269,3.223,1.002
586,HI BRED 34M78,8,3.3,24.29,0.5679,13.8074,108.36,-251.641,3.137,1.033
587,HI BRED 34M78,9,3.3,24.29,0.5679,16.2496,81.398,-278.602,3.084,1.072
588,HI BRED 34M78,10,3.3,24.29,0.5679,18.786,55.861,-304.139,3.028,1.108
589,HI BRED 34M78,11,3.3,24.29,0.5679,22.1581,30.37,-329.63,2.973,1.179
590,HI BRED 34M78,12,3.3,24.29,0.5679,25.1927,9.447,-350.553,2.897,1.219
591,HI BRED 34M78,13,3.3,24.29,0.5679,29.1186,-15.625,-375.625,2.853,1.289
592,HI BRED 34M78,5,3.3,24.29,0.6403,8.1121,155.16,-204.84,4.066,1.098
593,HI BRED 34M78,6,3.3,24.29,0.6403,10.8727,124.806,-235.194,3.868,1.202
594,HI BRED 34M78,7,3.3,24.29,0.6403,13.5144,94.54,-265.46,3.729,1.259
595,HI BRED 34M78,8,3.3,24.29,0.6403,15.9176,66.384,-293.617,3.603,1.276
596,HI BRED 34M78,9,3.3,24.29,0.6403,18.5624,37.522,-322.478,3.51,1.311
597,HI BRED 34M78,10,3.3,24.29,0.6403,21.1103,10.845,-349.155,3.418,1.321
598,HI BRED 34M78,11,3.3,24.29,0.6403,24.2934,-18.421,-378.421,3.357,1.373
599,HI BRED 34M78,12,3.3,24.29,0.6403,27.535,-42.701,-402.701,3.268,1.407
600,HI BRED 34M78,5,3.3,24.29,0.69,8.1787,137.087,-222.913,4.445,1.16
601,HI BRED 34M78,6,3.3,24.29,0.69,11.1191,101.58,-258.42,4.263,1.29
602,HI BRED 34M78,7,3.3,24.29,0.69,14.1993,66.977,-293.023,4.117,1.391
603,HI BRED 34M78,8,3.3,24.29,0.69,17.0774,36.593,-323.407,3.958,1.435
604,HI BRED 34M78,9,3.3,24.29,0.69,20.1755,7.361,-352.639,3.818,1.486
605,HI BRED 34M78,10,3.3,24.29,0.69,22.7335,-18.876,-378.876,3.686,1.479
606,HI BRED 34M78,11,3.3,24.29,0.69,25.6799,-50.037,-410.037,3.618,1.509
607,HI BRED 34M78,12,3.3,24.29,0.69,28.8739,-76.818,-436.818,3.523,1.539
608,HI BRED 34M78,6,3.3,27.26,0.5213,9.1684,154.865,-205.135,3.407,0.948
609,HI BRED 34M78,7,3.3,27.26,0.5213,11.5351,128.513,-231.488,3.292,1.007
610,HI BRED 34M78,8,3.3,27.26,0.5213,14.244,101.508,-258.492,3.21,1.077
611,HI BRED 34M78,9,3.3,27.26,0.5213,16.8933,78.444,-281.556,3.106,1.119
612,HI BRED 34M78,10,3.3,27.26,0.5213,19.9136,55.276,-304.724,3.021,1.173
613,HI BRED 34M78,11,3.3,27.26,0.5213,22.9748,34.948,-325.053,2.929,1.213
614,HI BRED 34M78,12,3.3,27.26,0.5213,26.7448,15.841,-344.159,2.835,1.281
615,HI BRED 34M78,5,3.3,27.26,0.6102,8.0461,162.478,-197.522,3.919,1.07
616,HI BRED 34M78,6,3.3,27.26,0.6102,10.752,128.076,-231.924,3.816,1.18
617,HI BRED 34M78,7,3.3,27.26,0.6102,13.3512,98.714,-261.286,3.673,1.234
618,HI BRED 34M78,8,3.3,27.26,0.6102,16.1375,68.619,-291.381,3.572,1.291
619,HI BRED 34M78,9,3.3,27.26,0.6102,18.7108,42.137,-317.863,3.459,1.313
620,HI BRED 34M78,10,3.3,27.26,0.6102,21.5144,14.187,-345.813,3.38,1.346
621,HI BRED 34M78,11,3.3,27.26,0.6102,24.2934,-12.371,-372.371,3.305,1.364
622,HI BRED 34M78,12,3.3,27.26,0.6102,27.535,-42.498,-402.498,3.265,1.416
623,HI BRED 34M78,5.0,3.3,27.26,0.6684,9.0939,138.41,-221.59,4.399,1.286
624,HI BRED 34M78,6.0,3.3,27.26,0.6684,12.1813,100.205,-259.795,4.268,1.416
625,HI BRED 34M78,7.0,3.3,27.26,0.6684,15.0897,68.0,-292.0,4.087,1.476
626,HI BRED 34M78,8.0,3.3,27.26,0.6684,18.2019,36.094,-323.906,3.946,1.535
627,HI BRED 34M78,9.0,3.3,27.26,0.6684,21.0122,8.979,-351.021,3.788,1.546
628,HI BRED 34M78,10.0,3.3,27.26,0.6684,24.0132,-18.918,-378.918,3.67,1.563
629,HI BRED 34M78,11.0,3.3,27.26,0.6684,26.558,-45.31,-405.31,3.565,1.553
630,HI BRED 34M78,12.0,3.3,27.26,0.6684,29.3704,-75.786,-435.786,3.508,1.569
631,HI BRED 35F38,5.0,7.7,14.63,0.7211,9.1435,38.828,-321.172,2.857,0.442
632,HI BRED 35F38,6.0,7.7,14.63,0.7211,11.972,-22.659,-382.659,2.837,0.481
633,HI BRED 35F38,7.0,7.7,14.63,0.7211,14.7036,-80.204,-440.204,2.802,0.504
634,HI BRED 35F38,8.0,7.7,14.63,0.7211,17.523,-144.039,-504.039,2.804,0.525
635,HI BRED 35F38,9.0,7.7,14.63,0.7211,19.7433,156.037,-563.963,2.792,0.526
636,HI BRED 35F38,10.0,7.7,14.63,0.7211,22.0475,92.648,-627.352,2.794,0.528
637,HI BRED 35F38,11.0,7.7,14.63,0.7211,24.1522,38.871,-681.129,2.765,0.523
638,HI BRED 35F38,12.0,7.7,14.63,0.7211,26.3752,-12.798,-732.798,2.734,0.523
639,HI BRED 35F38,13.0,7.7,14.63,0.7211,28.4043,-58.315,-778.315,2.691,0.516
640,HI BRED 35F38,5.0,7.7,14.63,0.7787,10.0338,19.159,-340.841,2.999,0.497
641,HI BRED 35F38,6.0,7.7,14.63,0.7787,12.9563,-45.147,-405.147,2.972,0.533
642,HI BRED 35F38,7.0,7.7,14.63,0.7787,15.6503,-105.547,-465.547,2.932,0.549
643,HI BRED 35F38,8.0,7.7,14.63,0.7787,18.2728,-172.388,-532.388,2.933,0.561
644,HI BRED 35F38,9.0,7.7,14.63,0.7787,20.2646,125.681,-594.319,2.914,0.552
645,HI BRED 35F38,10.0,7.7,14.63,0.7787,22.1581,60.922,-659.078,2.91,0.543
646,HI BRED 35F38,11.0,7.7,14.63,0.7787,24.1522,5.462,-714.538,2.876,0.532
647,HI BRED 35F38,12.0,7.7,14.63,0.7787,26.3752,-49.194,-769.194,2.844,0.533
648,HI BRED 35F38,13.0,7.7,14.63,0.7787,28.8739,-96.865,-816.865,2.797,0.532
649,HI BRED 35F38,5.0,7.7,14.63,0.8067,10.5449,8.954,-351.046,3.074,0.53
650,HI BRED 35F38,6.0,7.7,14.63,0.8067,13.5144,-57.019,-417.019,3.044,0.564
651,HI BRED 35F38,7.0,7.7,14.63,0.8067,16.1934,-119.104,-479.104,3.003,0.575
652,HI BRED 35F38,8.0,7.7,14.63,0.8067,18.7108,172.516,-547.484,3.002,0.581
653,HI BRED 35F38,9.0,7.7,14.63,0.8067,20.5374,109.946,-610.054,2.979,0.566
654,HI BRED 35F38,10.0,7.7,14.63,0.8067,22.3837,45.246,-674.754,2.968,0.553
655,HI BRED 35F38,11.0,7.7,14.63,0.8067,24.2934,-10.205,-730.205,2.928,0.541
656,HI BRED 35F38,12.0,7.7,14.63,0.8067,26.7448,-65.421,-785.421,2.893,0.543
657,HI BRED 35F38,13.0,7.7,14.63,0.8067,29.3704,-113.625,-833.625,2.844,0.546
658,HI BRED 35F38,5,6.5,17.53,0.7215,9.4474,53.723,-306.277,3.162,0.57
659,HI BRED 35F38,6,6.5,17.53,0.7215,12.7278,-2.771,-362.771,3.119,0.637
660,HI BRED 35F38,7,6.5,17.53,0.7215,16.0269,-53.946,-413.946,3.054,0.68
661,HI BRED 35F38,8,6.5,17.53,0.7215,19.6593,-111.71,-471.71,3.04,0.731
662,HI BRED 35F38,9,6.5,17.53,0.7215,23.3498,-170.28,-530.28,3.033,0.769
663,HI BRED 35F38,10,6.5,17.53,0.7215,27.535,121.426,-598.574,3.07,0.822
664,HI BRED 35F38,5.0,6.5,17.53,0.784,10.6036,31.766,-328.234,3.359,0.66
665,HI BRED 35F38,6.0,6.5,17.53,0.784,14.0667,-27.773,-387.773,3.304,0.725
666,HI BRED 35F38,7.0,6.5,17.53,0.784,17.4579,-82.326,-442.326,3.232,0.763
667,HI BRED 35F38,8.0,6.5,17.53,0.784,21.1103,-144.54,-504.54,3.221,0.806
668,HI BRED 35F38,9.0,6.5,17.53,0.784,24.2934,152.036,-567.964,3.221,0.826
669,HI BRED 35F38,10.0,6.5,17.53,0.784,27.535,79.128,-640.872,3.265,0.845
670,HI BRED 35F38,11.0,6.5,17.53,0.784,29.897,17.095,-702.905,3.257,0.837
671,HI BRED 35F38,5.0,6.5,17.53,0.8143,10.995,22.144,-337.856,3.449,0.694
672,HI BRED 35F38,6.0,6.5,17.53,0.8143,14.5168,-38.701,-398.701,3.388,0.757
673,HI BRED 35F38,7.0,6.5,17.53,0.8143,17.9239,-94.587,-454.587,3.312,0.793
674,HI BRED 35F38,8.0,6.5,17.53,0.8143,21.5144,-158.452,-518.452,3.3,0.832
675,HI BRED 35F38,9.0,6.5,17.53,0.8143,24.583,136.737,-583.263,3.299,0.846
676,HI BRED 35F38,10.0,6.5,17.53,0.8143,27.535,63.206,-656.794,3.339,0.855
677,HI BRED 35F38,11.0,6.5,17.53,0.8143,29.6297,1.086,-718.914,3.326,0.838
678,HI BRED 35F38,6,4.4,20.29,0.6816,9.4991,98.503,-261.497,3.293,0.722
679,HI BRED 35F38,7,4.4,20.29,0.6816,11.5679,64.992,-295.008,3.191,0.742
680,HI BRED 35F38,8,4.4,20.29,0.6816,14.0229,28.306,-331.694,3.139,0.781
681,HI BRED 35F38,9,4.4,20.29,0.6816,16.5948,-2.092,-362.092,3.052,0.812
682,HI BRED 35F38,10,4.4,20.29,0.6816,18.9384,-31.369,-391.369,2.976,0.822
683,HI BRED 35F38,11,4.4,20.29,0.6816,20.7242,-61.408,-421.408,2.922,0.813
684,HI BRED 35F38,12,4.4,20.29,0.6816,23.3498,-95.768,-455.768,2.897,0.838
685,HI BRED 35F38,13,4.4,20.29,0.6816,26.0206,-125.793,-485.793,2.853,0.857
686,HI BRED 35F38,14,4.4,20.29,0.6816,29.3704,-162.074,-522.074,2.843,0.891
687,HI BRED 35F38,6.0,4.4,20.29,0.7541,10.229,75.39,-284.61,3.558,0.809
688,HI BRED 35F38,7.0,4.4,20.29,0.7541,12.3597,39.261,-320.739,3.44,0.824
689,HI BRED 35F38,8.0,4.4,20.29,0.7541,14.8464,-0.396,-360.396,3.381,0.86
690,HI BRED 35F38,9.0,4.4,20.29,0.7541,17.5885,-33.828,-393.828,3.285,0.894
691,HI BRED 35F38,10.0,4.4,20.29,0.7541,20.2646,-64.771,-424.771,3.192,0.914
692,HI BRED 35F38,11.0,4.4,20.29,0.7541,22.2702,-95.094,-455.094,3.117,0.901
693,HI BRED 35F38,12.0,4.4,20.29,0.7541,24.8825,-130.5,-490.5,3.081,0.918
694,HI BRED 35F38,13.0,4.4,20.29,0.7541,27.535,-161.204,-521.204,3.025,0.929
695,HI BRED 35F38,5,4.4,20.29,0.7973,8.0461,104.274,-255.726,3.835,0.792
696,HI BRED 35F38,6,4.4,20.29,0.7973,10.752,60.471,-299.529,3.735,0.872
697,HI BRED 35F38,7,4.4,20.29,0.7973,13.1122,22.409,-337.591,3.606,0.896
698,HI BRED 35F38,8,4.4,20.29,0.7973,15.8635,-19.211,-379.211,3.54,0.939
699,HI BRED 35F38,9,4.4,20.29,0.7973,18.9384,-54.978,-414.978,3.44,0.986
700,HI BRED 35F38,10,4.4,20.29,0.7973,22.2702,-86.815,-446.815,3.331,1.029
701,HI BRED 35F38,11,4.4,20.29,0.7973,24.7314,-116.128,-476.128,3.233,1.021
702,HI BRED 35F38,12,4.4,20.29,0.7973,27.7443,-151.986,-511.986,3.186,1.043
703,HI BRED 35F38,7.0,3.3,21.13,0.556,8.0901,157.081,-202.919,2.963,0.666
704,HI BRED 35F38,8.0,3.3,21.13,0.556,9.7891,132.139,-227.861,2.914,0.701
705,HI BRED 35F38,9.0,3.3,21.13,0.556,11.4373,109.287,-250.714,2.857,0.72
706,HI BRED 35F38,10.0,3.3,21.13,0.556,13.4324,84.893,-275.107,2.822,0.757
707,HI BRED 35F38,11.0,3.3,21.13,0.556,15.4938,63.546,-296.454,2.769,0.79
708,HI BRED 35F38,12.0,3.3,21.13,0.556,17.9926,42.786,-317.214,2.718,0.833
709,HI BRED 35F38,13.0,3.3,21.13,0.556,20.2646,25.917,-334.083,2.652,0.856
710,HI BRED 35F38,14.0,3.3,21.13,0.556,22.6154,8.841,-351.159,2.596,0.878
711,HI BRED 35F38,15.0,3.3,21.13,0.556,24.7314,-7.022,-367.022,2.542,0.889
712,HI BRED 35F38,16.0,3.3,21.13,0.556,27.3306,-24.203,-384.203,2.5,0.913
713,HI BRED 35F38,17.0,3.3,21.13,0.556,29.897,-39.264,-399.264,2.452,0.934
714,HI BRED 35F38,6.0,3.3,21.13,0.6631,8.0023,157.758,-202.242,3.378,0.822
715,HI BRED 35F38,7.0,3.3,21.13,0.6631,9.709,131.196,-228.804,3.279,0.844
716,HI BRED 35F38,8.0,3.3,21.13,0.6631,11.4698,103.125,-256.876,3.222,0.866
717,HI BRED 35F38,9.0,3.3,21.13,0.6631,13.1122,77.219,-282.781,3.157,0.871
718,HI BRED 35F38,10.0,3.3,21.13,0.6631,15.0405,49.136,-310.864,3.123,0.895
719,HI BRED 35F38,11.0,3.3,21.13,0.6631,17.0156,23.571,-336.429,3.075,0.915
720,HI BRED 35F38,12.0,3.3,21.13,0.6631,19.4123,-3.421,-363.421,3.042,0.952
721,HI BRED 35F38,13.0,3.3,21.13,0.6631,21.9382,-27.58,-387.58,2.994,0.983
722,HI BRED 35F38,14.0,3.3,21.13,0.6631,24.8825,-52.576,-412.576,2.955,1.032
723,HI BRED 35F38,15.0,3.3,21.13,0.6631,27.7443,-73.751,-433.751,2.898,1.07
724,HI BRED 35F38,6.0,3.3,21.13,0.7077,8.2458,142.754,-217.246,3.612,0.876
725,HI BRED 35F38,7.0,3.3,21.13,0.7077,10.0614,114.011,-245.989,3.505,0.904
726,HI BRED 35F38,8.0,3.3,21.13,0.7077,11.972,84.21,-275.79,3.437,0.932
727,HI BRED 35F38,9.0,3.3,21.13,0.7077,13.6806,57.246,-302.754,3.356,0.937
728,HI BRED 35F38,10.0,3.3,21.13,0.7077,15.6503,28.195,-331.805,3.31,0.957
729,HI BRED 35F38,11.0,3.3,21.13,0.7077,17.5885,1.511,-358.489,3.252,0.971
730,HI BRED 35F38,12.0,3.3,21.13,0.7077,19.9136,-27.275,-387.275,3.218,1.002
731,HI BRED 35F38,13.0,3.3,21.13,0.7077,22.2702,-53.795,-413.795,3.172,1.028
732,HI BRED 35F38,14.0,3.3,21.13,0.7077,25.1927,-82.176,-442.176,3.142,1.077
733,HI BRED 35F38,15.0,3.3,21.13,0.7077,28.1787,-107.29,-467.29,3.094,1.118
734,HI BRED 35F38,7.0,3.3,23.3,0.5452,9.5772,143.646,-216.354,3.118,0.811
735,HI BRED 35F38,8.0,3.3,23.3,0.5452,11.734,116.944,-243.056,3.063,0.864
736,HI BRED 35F38,9.0,3.3,23.3,0.5452,13.5971,93.822,-266.178,2.988,0.88
737,HI BRED 35F38,10.0,3.3,23.3,0.5452,15.8635,66.135,-293.865,2.965,0.921
738,HI BRED 35F38,11.0,3.3,23.3,0.5452,18.786,43.009,-316.991,2.904,0.983
739,HI BRED 35F38,12.0,3.3,23.3,0.5452,21.6184,22.891,-337.109,2.832,1.025
740,HI BRED 35F38,13.0,3.3,23.3,0.5452,24.437,0.633,-359.367,2.785,1.065
741,HI BRED 35F38,14.0,3.3,23.3,0.5452,28.8739,-14.343,-374.343,2.689,1.149
742,HI BRED 35F38,6,3.3,23.3,0.6243,9.1435,147.162,-212.838,3.53,0.961
743,HI BRED 35F38,7,3.3,23.3,0.6243,10.9643,120.465,-239.535,3.407,0.973
744,HI BRED 35F38,8,3.3,23.3,0.6243,13.1122,90.364,-269.636,3.352,1.011
745,HI BRED 35F38,9,3.3,23.3,0.6243,15.189,65.097,-294.903,3.261,1.027
746,HI BRED 35F38,10,3.3,23.3,0.6243,17.3292,36.194,-323.806,3.221,1.048
747,HI BRED 35F38,11,3.3,23.3,0.6243,19.9136,9.007,-350.993,3.17,1.09
748,HI BRED 35F38,12,3.3,23.3,0.6243,22.9748,-15.863,-375.863,3.106,1.14
749,HI BRED 35F38,13,3.3,23.3,0.6243,25.5145,-41.9,-401.9,3.064,1.166
750,HI BRED 35F38,14,3.3,23.3,0.6243,29.897,-70.082,-430.082,3.026,1.268
751,HI BRED 35F38,6.0,3.3,23.3,0.6718,9.3704,128.57,-231.43,3.829,1.026
752,HI BRED 35F38,7.0,3.3,23.3,0.6718,11.2767,99.418,-260.582,3.692,1.04
753,HI BRED 35F38,8.0,3.3,23.3,0.6718,13.5971,66.168,-293.832,3.635,1.093
754,HI BRED 35F38,9.0,3.3,23.3,0.6718,16.1375,40.04,-319.96,3.512,1.133
755,HI BRED 35F38,10.0,3.3,23.3,0.6718,18.3443,12.404,-347.596,3.433,1.147
756,HI BRED 35F38,11.0,3.3,23.3,0.6718,20.8192,-15.675,-375.675,3.369,1.176
757,HI BRED 35F38,12.0,3.3,23.3,0.6718,24.0132,-41.605,-401.605,3.294,1.227
758,HI BRED 35F38,13.0,3.3,23.3,0.6718,26.3752,-67.409,-427.409,3.236,1.236
773,ILLINOIS,5.0,6.5,19.08,0.7319,11.7005,25.966,-334.034,3.407,0.735
774,ILLINOIS,6.0,6.5,19.08,0.7319,15.7562,-35.737,-395.737,3.357,0.819
775,ILLINOIS,7.0,6.5,19.08,0.7319,19.7433,-93.359,-453.359,3.293,0.872
776,ILLINOIS,8.0,6.5,19.08,0.7319,23.7417,-160.144,-520.144,3.299,0.918
777,ILLINOIS,9.0,6.5,19.08,0.7319,26.3752,132.703,-587.298,3.312,0.908
778,ILLINOIS,10.0,6.5,19.08,0.7319,28.1787,61.289,-658.711,3.346,0.877
779,ILLINOIS,11.0,6.5,19.08,0.7319,29.897,4.136,-715.864,3.312,0.844
780,ILLINOIS,5.0,6.5,19.08,0.8023,13.0339,-3.694,-363.694,3.686,0.852
781,ILLINOIS,6.0,6.5,19.08,0.8023,17.2656,-71.805,-431.805,3.637,0.936
782,ILLINOIS,7.0,6.5,19.08,0.8023,21.31,-136.46,-496.46,3.579,0.981
783,ILLINOIS,8.0,6.5,19.08,0.8023,24.7314,150.849,-569.151,3.588,1.0
784,ILLINOIS,9.0,6.5,19.08,0.8023,26.558,84.438,-635.562,3.568,0.952
785,ILLINOIS,10.0,6.5,19.08,0.8023,27.9588,18.675,-701.325,3.551,0.895
786,ILLINOIS,11.0,6.5,19.08,0.8023,29.3704,-34.674,-754.674,3.481,0.852
787,ILLINOIS,5.0,6.5,19.08,0.8354,13.7649,-16.172,-376.172,3.805,0.914
788,ILLINOIS,6.0,6.5,19.08,0.8354,18.1316,-87.447,-447.447,3.761,1.0
789,ILLINOIS,7.0,6.5,19.08,0.8354,22.0475,-155.772,-515.772,3.71,1.038
790,ILLINOIS,8.0,6.5,19.08,0.8354,25.3521,129.15,-590.85,3.719,1.04
791,ILLINOIS,9.0,6.5,19.08,0.8354,26.9357,64.111,-655.889,3.678,0.976
792,ILLINOIS,10.0,6.5,19.08,0.8354,28.1787,1.428,-718.572,3.635,0.913
793,ILLINOIS,11.0,6.5,19.08,0.8354,29.6297,-49.827,-769.827,3.547,0.868
794,ILLINOIS,6,4.4,21.5,0.6773,10.9643,71.257,-288.743,3.601,0.873
795,ILLINOIS,7,4.4,21.5,0.6773,13.6387,34.781,-325.219,3.475,0.914
796,ILLINOIS,8,4.4,21.5,0.6773,16.7726,-5.368,-365.368,3.41,0.976
797,ILLINOIS,9,4.4,21.5,0.6773,20.4455,-39.029,-399.029,3.304,1.046
798,ILLINOIS,10,4.4,21.5,0.6773,24.2934,-65.37,-425.37,3.168,1.099
799,ILLINOIS,11,4.4,21.5,0.6773,26.7448,-90.526,-450.526,3.061,1.081
800,ILLINOIS,5,4.4,21.5,0.7483,8.9466,91.618,-268.382,4.017,0.902
801,ILLINOIS,6,4.4,21.5,0.7483,12.2522,45.663,-314.337,3.904,1.015
802,ILLINOIS,7,4.4,21.5,0.7483,15.189,6.875,-353.125,3.75,1.062
803,ILLINOIS,8,4.4,21.5,0.7483,18.6363,-35.349,-395.349,3.663,1.126
804,ILLINOIS,9,4.4,21.5,0.7483,22.7335,-71.683,-431.683,3.543,1.203
805,ILLINOIS,10,4.4,21.5,0.7483,27.535,-98.488,-458.488,3.373,1.285
806,ILLINOIS,5,4.4,21.5,0.793,9.6297,75.361,-284.639,4.261,1
807,ILLINOIS,6,4.4,21.5,0.793,13.1515,25.62,-334.38,4.15,1.127
808,ILLINOIS,7,4.4,21.5,0.793,16.5363,-16.613,-376.613,3.989,1.194
809,ILLINOIS,8,4.4,21.5,0.793,20.5374,-62.832,-422.832,3.902,1.282
810,ILLINOIS,9,4.4,21.5,0.793,25.5145,-106.132,-466.132,3.799,1.4
811,ILLINOIS,5,4.4,24.2,0.6791,9.1684,100.205,-259.795,3.884,0.91
812,ILLINOIS,6,4.4,24.2,0.6791,12.5418,55.412,-304.588,3.779,1.023
813,ILLINOIS,7,4.4,24.2,0.6791,15.7031,16.896,-343.104,3.64,1.08
814,ILLINOIS,8,4.4,24.2,0.6791,19.5762,-24.939,-384.939,3.559,1.17
815,ILLINOIS,9,4.4,24.2,0.6791,24.583,-59.032,-419.032,3.425,1.282
816,ILLINOIS,5,4.4,24.2,0.7595,10.4866,70.01,-289.99,4.335,1.099
817,ILLINOIS,6,4.4,24.2,0.7595,14.4249,19.767,-340.233,4.211,1.247
818,ILLINOIS,7,4.4,24.2,0.7595,18.4164,-22.512,-382.512,4.033,1.336
819,ILLINOIS,8,4.4,24.2,0.7595,23.098,-68.17,-428.17,3.924,1.456
820,ILLINOIS,9,4.4,24.2,0.7595,29.3704,-111.149,-471.149,3.798,1.631
821,ILLINOIS,5,4.4,24.2,0.7962,11.2767,53.186,-306.814,4.595,1.22
822,ILLINOIS,6,4.4,24.2,0.7962,15.7031,-0.832,-360.832,4.469,1.398
823,ILLINOIS,7,4.4,24.2,0.7962,20.2646,-46.923,-406.923,4.283,1.519
824,ILLINOIS,8,4.4,24.2,0.7962,25.6799,-98.763,-458.763,4.191,1.672
825,ILLINOIS,7,3.3,25.76,0.5388,10.2856,120.666,-239.334,3.412,0.913
826,ILLINOIS,8,3.3,25.76,0.5388,13.1122,91.371,-268.629,3.34,1.008
827,ILLINOIS,9,3.3,25.76,0.5388,15.8635,68.247,-291.753,3.221,1.068
828,ILLINOIS,10,3.3,25.76,0.5388,18.4891,44.333,-315.667,3.135,1.105
829,ILLINOIS,11,3.3,25.76,0.5388,21.31,19.42,-340.58,3.071,1.15
830,ILLINOIS,12,3.3,25.76,0.5388,25.5145,-4.397,-364.397,2.996,1.254
831,ILLINOIS,6,3.3,25.76,0.6393,9.8699,125.925,-234.075,3.866,1.088
832,ILLINOIS,7,3.3,25.76,0.6393,12.2167,95.912,-264.088,3.729,1.134
833,ILLINOIS,8,3.3,25.76,0.6393,14.9916,63.566,-296.434,3.649,1.209
834,ILLINOIS,9,3.3,25.76,0.6393,17.7882,38.268,-321.732,3.512,1.251
835,ILLINOIS,10,3.3,25.76,0.6393,20.0873,12.06,-347.94,3.418,1.256
836,ILLINOIS,11,3.3,25.76,0.6393,22.4988,-16.495,-376.495,3.36,1.269
837,ILLINOIS,12,3.3,25.76,0.6393,25.8486,-44.79,-404.79,3.3,1.333
838,ILLINOIS,13,3.3,25.76,0.6393,28.8739,-70.638,-430.638,3.236,1.357
839,ILLINOIS,6,3.3,25.76,0.7028,10.9336,102.434,-257.566,4.251,1.267
840,ILLINOIS,7,3.3,25.76,0.7028,13.4324,70.757,-289.243,4.073,1.307
841,ILLINOIS,8,3.3,25.76,0.7028,16.3631,35.902,-324.098,3.977,1.378
842,ILLINOIS,9,3.3,25.76,0.7028,19.4939,8.859,-351.141,3.81,1.435
843,ILLINOIS,10,3.3,25.76,0.7028,22.1581,-15.084,-375.084,3.655,1.437
844,ILLINOIS,11,3.3,25.76,0.7028,24.2934,-42.2,-402.2,3.564,1.413
845,ILLINOIS,12,3.3,25.76,0.7028,27.3306,-71.196,-431.196,3.494,1.449
846,ILLINOIS,13,3.3,25.76,0.7028,29.897,-97.052,-457.052,3.418,1.442
847,ILLINOIS,6,3.3,27.7,0.5922,9.6297,123.35,-236.65,3.913,1.067
848,ILLINOIS,7,3.3,27.7,0.5922,12.3597,92.666,-267.334,3.772,1.157
849,ILLINOIS,8,3.3,27.7,0.5922,15.5978,60.204,-299.796,3.683,1.262
850,ILLINOIS,9,3.3,27.7,0.5922,18.786,35.578,-324.422,3.528,1.331
851,ILLINOIS,10,3.3,27.7,0.5922,21.4116,12.134,-347.866,3.401,1.34
852,ILLINOIS,11,3.3,27.7,0.5922,23.8764,-15.179,-375.179,3.334,1.345
853,ILLINOIS,12,3.3,27.7,0.5922,27.535,-43.12,-403.12,3.271,1.411
854,ILLINOIS,6,3.3,27.7,0.6648,11.1191,102.883,-257.117,4.24,1.286
855,ILLINOIS,7,3.3,27.7,0.6648,13.9361,69.862,-290.138,4.079,1.358
856,ILLINOIS,8,3.3,27.7,0.6648,17.523,34.281,-325.719,3.98,1.479
857,ILLINOIS,9,3.3,27.7,0.6648,21.5144,9.87,-350.13,3.771,1.579
858,ILLINOIS,10,3.3,27.7,0.6648,24.2934,-7.677,-367.677,3.555,1.56
859,ILLINOIS,11,3.3,27.7,0.6648,26.1961,-32.866,-392.866,3.461,1.506
860,ILLINOIS,12,3.3,27.7,0.6648,29.3704,-61.383,-421.383,3.395,1.532
861,ILLINOIS,5,3.3,27.7,0.7166,8.3134,122.112,-237.888,4.77,1.22
862,ILLINOIS,6,3.3,27.7,0.7166,11.8013,80.64,-279.36,4.626,1.428
863,ILLINOIS,7,3.3,27.7,0.7166,14.9429,46.107,-313.893,4.42,1.519
864,ILLINOIS,8,3.3,27.7,0.7166,18.786,9.226,-350.774,4.288,1.647
865,ILLINOIS,9,3.3,27.7,0.7166,23.3498,-16.191,-376.191,4.039,1.774
866,ILLINOIS,10,3.3,27.7,0.7166,26.558,-28.606,-388.606,3.73,1.751
867,ILLINOIS,11,3.3,27.7,0.7166,27.9588,-50.933,-410.933,3.598,1.643
868,ILLINOIS,6,3.3,29.85,0.5141,9.6297,121.242,-238.758,3.948,1.073
869,ILLINOIS,7,3.3,29.85,0.5141,13.3917,89.087,-270.913,3.808,1.26
870,ILLINOIS,8,3.3,29.85,0.5141,18.0618,56.86,-303.14,3.688,1.469
871,ILLINOIS,9,3.3,29.85,0.5141,23.6091,31.546,-328.454,3.502,1.675
872,ILLINOIS,5,3.3,29.85,0.6558,8.2458,128.433,-231.567,4.631,1.192
873,ILLINOIS,6,3.3,29.85,0.6558,11.7676,85.787,-274.213,4.533,1.409
874,ILLINOIS,7,3.3,29.85,0.6558,15.4423,50.76,-309.24,4.341,1.553
875,ILLINOIS,8,3.3,29.85,0.6558,19.9136,16.946,-343.054,4.167,1.725
876,ILLINOIS,9,3.3,29.85,0.6558,24.7314,-4.172,-364.172,3.879,1.846
877,ILLINOIS,10,3.3,29.85,0.6558,27.9588,-12.023,-372.023,3.546,1.801
878,ILLINOIS,11,3.3,29.85,0.6558,28.8739,-30.998,-390.998,3.41,1.659
879,ILLINOIS,5,3.3,29.85,0.7282,9.4474,100.978,-259.022,5.229,1.451
880,ILLINOIS,6,3.3,29.85,0.7282,13.5556,53.947,-306.053,5.094,1.721
881,ILLINOIS,7,3.3,29.85,0.7282,17.9239,16.404,-343.596,4.834,1.909
882,ILLINOIS,8,3.3,29.85,0.7282,23.223,-18.04,-378.04,4.577,2.12
883,ILLINOIS,9,3.3,29.85,0.7282,29.1186,-37.157,-397.157,4.179,2.284
884,ILLINOIS,6,3.3,31.24,0.5807,11.1191,99.397,-260.603,4.301,1.296
885,ILLINOIS,7,3.3,31.24,0.5807,14.7036,66.786,-293.214,4.112,1.442
886,ILLINOIS,8,3.3,31.24,0.5807,19.0935,33.411,-326.589,3.966,1.618
887,ILLINOIS,9,3.3,31.24,0.5807,24.2934,13.953,-346.047,3.682,1.773
888,ILLINOIS,10,3.3,31.24,0.5807,27.1309,9.281,-350.719,3.352,1.704
889,ILLINOIS,11,3.3,31.24,0.5807,28.4043,-14.057,-374.057,3.27,1.597
890,ILLINOIS,5,3.3,31.24,0.5807,8.8499,113.949,-246.051,4.943,1.324
891,ILLINOIS,6,3.3,31.24,0.5807,12.8795,69.857,-290.143,4.805,1.589
892,ILLINOIS,7,3.3,31.24,0.5807,16.8328,34.641,-325.359,4.565,1.741
893,ILLINOIS,8,3.3,31.24,0.5807,21.6184,-1.189,-361.189,4.378,1.926
894,ILLINOIS,9,3.3,31.24,0.5807,27.7443,-21.749,-381.749,4.026,2.125
895,ILLINOIS,5,3.3,31.24,0.7188,9.8429,95.133,-264.867,5.357,1.533
896,ILLINOIS,6,3.3,31.24,0.7188,14.244,48.126,-311.874,5.191,1.832
897,ILLINOIS,7,3.3,31.24,0.7188,18.7108,11.087,-348.913,4.903,2.015
898,ILLINOIS,8,3.3,31.24,0.7188,24.1522,-25.124,-385.124,4.655,2.233
899,INDIANA,5.0,7.7,13.91,0.7226,8.2234,52.951,-307.049,2.757,0.391
900,INDIANA,6.0,7.7,13.91,0.7226,10.752,-5.139,-365.139,2.735,0.424
901,INDIANA,7.0,7.7,13.91,0.7226,13.2309,-59.234,-419.234,2.698,0.445
902,INDIANA,8.0,7.7,13.91,0.7226,15.9721,-119.739,-479.739,2.699,0.47
903,INDIANA,9.0,7.7,13.91,0.7226,18.4891,-177.745,-537.745,2.69,0.483
904,INDIANA,10.0,7.7,13.91,0.7226,21.1103,119.276,-600.724,2.7,0.498
905,INDIANA,11.0,7.7,13.91,0.7226,23.3498,64.667,-655.333,2.682,0.498
906,INDIANA,12.0,7.7,13.91,0.7226,25.3521,10.522,-709.478,2.666,0.494
907,INDIANA,13.0,7.7,13.91,0.7226,27.1309,-38.566,-758.566,2.64,0.485
908,INDIANA,14.0,7.7,13.91,0.7226,29.897,-93.538,-813.538,2.63,0.495
909,INDIANA,5.0,7.7,13.91,0.781,9.1934,28.893,-331.107,2.93,0.451
910,INDIANA,6.0,7.7,13.91,0.781,11.9376,-33.556,-393.556,2.903,0.486
911,INDIANA,7.0,7.7,13.91,0.781,14.5168,-91.546,-451.546,2.862,0.503
912,INDIANA,8.0,7.7,13.91,0.781,17.0774,-155.687,-515.687,2.859,0.517
913,INDIANA,9.0,7.7,13.91,0.781,19.0156,143.812,-576.188,2.843,0.511
914,INDIANA,10.0,7.7,13.91,0.781,20.9151,79.043,-640.958,2.846,0.505
915,INDIANA,11.0,7.7,13.91,0.781,22.6154,22.676,-697.324,2.821,0.494
916,INDIANA,12.0,7.7,13.91,0.781,24.583,-33.864,-753.864,2.801,0.491
917,INDIANA,13.0,7.7,13.91,0.781,26.558,-84.229,-804.229,2.766,0.488
918,INDIANA,14.0,7.7,13.91,0.781,29.6297,-140.15,-860.15,2.749,0.503
919,INDIANA,5.0,7.7,13.91,0.8089,9.6297,20.72,-339.28,2.989,0.477
920,INDIANA,6.0,7.7,13.91,0.8089,12.3958,-42.483,-402.483,2.957,0.509
921,INDIANA,7.0,7.7,13.91,0.8089,14.9429,-101.471,-461.471,2.913,0.521
922,INDIANA,8.0,7.7,13.91,0.8089,17.4579,-167.128,-527.128,2.911,0.533
923,INDIANA,9.0,7.7,13.91,0.8089,19.4123,130.847,-589.153,2.895,0.527
924,INDIANA,10.0,7.7,13.91,0.8089,21.31,64.646,-655.354,2.898,0.521
925,INDIANA,11.0,7.7,13.91,0.8089,23.098,7.221,-712.779,2.872,0.51
926,INDIANA,12.0,7.7,13.91,0.8089,25.1927,-50.262,-770.262,2.85,0.507
927,INDIANA,13.0,7.7,13.91,0.8089,27.3306,-101.144,-821.144,2.812,0.505
928,INDIANA,5.0,6.5,15.05,0.7395,8.1343,73.645,-286.355,2.989,0.477
929,INDIANA,6.0,6.5,15.05,0.7395,10.7221,22.867,-337.133,2.937,0.52
930,INDIANA,7.0,6.5,15.05,0.7395,13.1122,-23.154,-383.154,2.871,0.539
931,INDIANA,8.0,6.5,15.05,0.7395,15.8635,-75.28,-435.28,2.854,0.569
932,INDIANA,9.0,6.5,15.05,0.7395,19.0935,-125.69,-485.69,2.83,0.606
933,INDIANA,10.0,6.5,15.05,0.7395,23.3498,179.949,-540.051,2.825,0.67
934,INDIANA,11.0,6.5,15.05,0.7395,27.3306,132.24,-587.76,2.795,0.71
935,INDIANA,5.0,6.5,15.05,0.8015,8.7541,56.455,-303.545,3.14,0.527
936,INDIANA,6.0,6.5,15.05,0.8015,11.3727,2.444,-357.556,3.086,0.566
937,INDIANA,7.0,6.5,15.05,0.8015,13.7649,-46.869,-406.869,3.018,0.581
938,INDIANA,8.0,6.5,15.05,0.8015,16.5363,-102.647,-462.647,3.002,0.608
939,INDIANA,9.0,6.5,15.05,0.8015,19.4939,-157.306,-517.306,2.983,0.636
940,INDIANA,10.0,6.5,15.05,0.8015,23.223,141.47,-578.53,2.995,0.683
941,INDIANA,11.0,6.5,15.05,0.8015,26.3752,85.744,-634.256,2.984,0.706
942,INDIANA,12.0,6.5,15.05,0.8015,28.636,27.418,-692.582,2.986,0.705
943,INDIANA,5.0,6.5,15.05,0.8392,9.2436,44.867,-315.133,3.245,0.565
944,INDIANA,6.0,6.5,15.05,0.8392,11.972,-11.332,-371.332,3.188,0.604
945,INDIANA,7.0,6.5,15.05,0.8392,14.4708,-62.744,-422.744,3.117,0.62
946,INDIANA,8.0,6.5,15.05,0.8392,17.2024,-120.861,-480.861,3.102,0.645
947,INDIANA,9.0,6.5,15.05,0.8392,20.0873,-178.087,-538.087,3.085,0.667
948,INDIANA,10.0,6.5,15.05,0.8392,23.4785,117.388,-602.613,3.103,0.704
949,INDIANA,11.0,6.5,15.05,0.8392,26.3752,59.135,-660.865,3.093,0.716
950,INDIANA,12.0,6.5,15.05,0.8392,28.4043,0.091,-719.909,3.09,0.707
951,INDIANA,13.0,6.5,15.05,0.8392,29.6297,-53.135,-773.135,3.069,0.681
952,INDIANA,7.0,4.4,16.47,0.6991,9.1684,90.032,-269.968,2.968,0.566
953,INDIANA,8.0,4.4,16.47,0.6991,10.9336,55.451,-304.549,2.933,0.588
954,INDIANA,9.0,4.4,16.47,0.6991,12.7278,25.481,-334.519,2.872,0.603
955,INDIANA,10.0,4.4,16.47,0.6991,14.4708,-5.71,-365.71,2.832,0.612
956,INDIANA,11.0,4.4,16.47,0.6991,16.082,-36.238,-396.238,2.797,0.614
957,INDIANA,12.0,4.4,16.47,0.6991,18.2019,-70.06,-430.06,2.782,0.635
958,INDIANA,13.0,4.4,16.47,0.6991,20.2646,-101.459,-461.459,2.759,0.651
959,INDIANA,14.0,4.4,16.47,0.6991,22.8534,-138.338,-498.338,2.761,0.685
960,INDIANA,15.0,4.4,16.47,0.6991,26.3752,-172.547,-532.547,2.749,0.736
961,INDIANA,6.0,4.4,16.47,0.7876,8.5891,97.727,-262.273,3.309,0.654
962,INDIANA,7.0,4.4,16.47,0.7876,10.1728,63.522,-296.478,3.215,0.655
963,INDIANA,8.0,4.4,16.47,0.7876,11.972,25.924,-334.076,3.172,0.669
964,INDIANA,9.0,4.4,16.47,0.7876,13.8074,-7.17,-367.17,3.106,0.679
965,INDIANA,10.0,4.4,16.47,0.7876,15.7031,-41.509,-401.509,3.061,0.69
966,INDIANA,11.0,4.4,16.47,0.7876,17.4579,-74.033,-434.033,3.014,0.692
967,INDIANA,12.0,4.4,16.47,0.7876,19.4939,-109.436,-469.436,2.989,0.708
968,INDIANA,13.0,4.4,16.47,0.7876,21.4116,-142.425,-502.425,2.957,0.713
969,INDIANA,14.0,4.4,16.47,0.7876,23.7417,178.345,-541.655,2.958,0.734
970,INDIANA,15.0,4.4,16.47,0.7876,26.9357,141.736,-578.264,2.943,0.774
971,INDIANA,6.0,4.4,16.47,0.8307,8.8981,84.471,-275.529,3.462,0.692
972,INDIANA,7.0,4.4,16.47,0.8307,10.6036,48.393,-311.607,3.361,0.698
973,INDIANA,8.0,4.4,16.47,0.8307,12.505,9.079,-350.921,3.314,0.716
974,INDIANA,9.0,4.4,16.47,0.8307,14.5168,-25.501,-385.501,3.24,0.73
975,INDIANA,10.0,4.4,16.47,0.8307,16.5948,-60.927,-420.927,3.187,0.746
976,INDIANA,11.0,4.4,16.47,0.8307,18.4164,-94.333,-454.333,3.133,0.747
977,INDIANA,12.0,4.4,16.47,0.8307,20.6303,-131.153,-491.153,3.105,0.763
978,INDIANA,13.0,4.4,16.47,0.8307,22.6154,-165.173,-525.173,3.068,0.768
979,INDIANA,14.0,4.4,16.47,0.8307,24.8825,154.482,-565.519,3.066,0.782
980,INDIANA,15.0,4.4,16.47,0.8307,27.7443,114.885,-605.115,3.059,0.812
981,INDIANA,6,4.4,19.15,0.6765,9.2436,104.615,-255.386,3.225,0.695
982,INDIANA,7,4.4,19.15,0.6765,11.1504,72.315,-287.685,3.123,0.707
983,INDIANA,8,4.4,19.15,0.6765,13.3917,36.263,-323.737,3.077,0.738
984,INDIANA,9,4.4,19.15,0.6765,15.8097,5.765,-354.235,2.998,0.766
985,INDIANA,10,4.4,19.15,0.6765,18.1316,-23.729,-383.729,2.93,0.782
986,INDIANA,11,4.4,19.15,0.6765,20.0873,-52.792,-412.792,2.875,0.779
987,INDIANA,12,4.4,19.15,0.6765,22.6154,-85.445,-445.445,2.845,0.802
988,INDIANA,13,4.4,19.15,0.6765,25.1927,-114.917,-474.917,2.804,0.818
989,INDIANA,14,4.4,19.15,0.6765,28.1787,-151.132,-511.132,2.797,0.854
990,INDIANA,6.0,4.4,19.15,0.7467,9.9788,80.826,-279.174,3.496,0.781
991,INDIANA,7.0,4.4,19.15,0.7467,12.076,45.665,-314.335,3.378,0.798
992,INDIANA,8.0,4.4,19.15,0.7467,14.4708,7.097,-352.903,3.318,0.829
993,INDIANA,9.0,4.4,19.15,0.7467,17.0156,-25.768,-385.768,3.227,0.857
994,INDIANA,10.0,4.4,19.15,0.7467,19.5762,-56.961,-416.961,3.143,0.876
995,INDIANA,11.0,4.4,19.15,0.7467,21.6184,-87.054,-447.054,3.072,0.867
996,INDIANA,12.0,4.4,19.15,0.7467,24.1522,-121.134,-481.134,3.032,0.883
997,INDIANA,13.0,4.4,19.15,0.7467,26.558,-151.47,-511.47,2.981,0.888
998,INDIANA,14.0,4.4,19.15,0.7467,29.1186,170.483,-549.517,2.972,0.902
999,INDIANA,6.0,4.4,19.15,0.7853,10.5742,65.976,-294.024,3.669,0.849
1000,INDIANA,7.0,4.4,19.15,0.7853,12.9178,29.213,-330.787,3.538,0.875
1001,INDIANA,8.0,4.4,19.15,0.7853,15.5457,-10.502,-370.502,3.465,0.911
1002,INDIANA,9.0,4.4,19.15,0.7853,18.3443,-44.686,-404.686,3.364,0.943
1003,INDIANA,10.0,4.4,19.15,0.7853,21.2096,-76.804,-436.804,3.268,0.97
1004,INDIANA,11.0,4.4,19.15,0.7853,23.4785,-107.455,-467.455,3.186,0.963
1005,INDIANA,12.0,4.4,19.15,0.7853,26.3752,-143.324,-503.324,3.144,0.986
1006,INDIANA,13.0,4.4,19.15,0.7853,29.3704,-174.423,-534.423,3.084,1.001
1007,INDIANA,7,3.3,23.61,0.4763,8.7067,136.98,-223.02,3.213,0.748
1008,INDIANA,8,3.3,23.61,0.4763,11.1191,109.924,-250.076,3.148,0.829
1009,INDIANA,9,3.3,23.61,0.4763,13.6387,86.719,-273.281,3.058,0.893
1010,INDIANA,10,3.3,23.61,0.4763,16.6537,64.115,-295.885,2.976,0.968
1011,INDIANA,11,3.3,23.61,0.4763,19.7433,44.694,-315.306,2.882,1.032
1012,INDIANA,12,3.3,23.61,0.4763,24.1522,29.397,-330.603,2.763,1.137
1013,INDIANA,13,3.3,23.61,0.4763,27.9588,30.42,-329.58,2.561,1.177
1014,INDIANA,14,3.3,23.61,0.4763,29.6297,32.677,-327.323,2.405,1.122
1015,INDIANA,6,3.3,23.61,0.6077,8.7067,131.624,-228.376,3.788,0.948
1016,INDIANA,7,3.3,23.61,0.6077,10.9031,102.759,-257.241,3.65,1.001
1017,INDIANA,8,3.3,23.61,0.6077,13.0339,72.699,-287.301,3.562,1.036
1018,INDIANA,9,3.3,23.61,0.6077,14.9429,44.746,-315.254,3.475,1.041
1019,INDIANA,10,3.3,23.61,0.6077,17.0774,13.872,-346.128,3.431,1.067
1020,INDIANA,11,3.3,23.61,0.6077,19.4123,-14.52,-374.52,3.373,1.092
1021,INDIANA,12,3.3,23.61,0.6077,22.1581,-44.291,-404.291,3.331,1.138
1022,INDIANA,13,3.3,23.61,0.6077,25.0362,-71.584,-431.584,3.277,1.176
1023,INDIANA,14,3.3,23.61,0.6077,28.636,-100.749,-460.749,3.236,1.252
1024,INDIANA,6,3.3,23.61,0.6608,9.5511,115.884,-244.116,4.04,1.076
1025,INDIANA,7,3.3,23.61,0.6608,12.0065,85.489,-274.511,3.88,1.137
1026,INDIANA,8,3.3,23.61,0.6608,14.3793,54.2,-305.8,3.773,1.175
1027,INDIANA,9,3.3,23.61,0.6608,16.4205,25.473,-334.527,3.666,1.178
1028,INDIANA,10,3.3,23.61,0.6608,18.7108,-5.795,-365.795,3.603,1.2
1029,INDIANA,11,3.3,23.61,0.6608,21.0122,-34.693,-394.693,3.532,1.212
1030,INDIANA,12,3.3,23.61,0.6608,23.6091,-66.088,-426.088,3.49,1.244
1031,INDIANA,13,3.3,23.61,0.6608,26.3752,-96.269,-456.269,3.444,1.273
1032,INDIANA,14,3.3,23.61,0.6608,29.897,-130.533,-490.533,3.425,1.347
1033,KENTUCKY,6.0,7.7,11.95,0.7509,8.6595,14.148,-345.852,2.626,0.334
1034,KENTUCKY,7.0,7.7,11.95,0.7509,10.4866,-35.739,-395.739,2.587,0.345
1035,KENTUCKY,8.0,7.7,11.95,0.7509,12.5418,-91.254,-451.254,2.581,0.361
1036,KENTUCKY,9.0,7.7,11.95,0.7509,14.7036,-143.796,-503.796,2.565,0.375
1037,KENTUCKY,10.0,7.7,11.95,0.7509,17.3292,159.594,-560.406,2.566,0.397
1038,KENTUCKY,11.0,7.7,11.95,0.7509,19.4939,109.109,-610.891,2.547,0.406
1039,KENTUCKY,12.0,7.7,11.95,0.7509,21.31,55.309,-664.691,2.542,0.405
1040,KENTUCKY,13.0,7.7,11.95,0.7509,22.4988,3.923,-716.077,2.532,0.394
1041,KENTUCKY,14.0,7.7,11.95,0.7509,24.1522,-53.645,-773.645,2.539,0.393
1042,KENTUCKY,15.0,7.7,11.95,0.7509,26.1961,-106.282,-826.282,2.532,0.398
1043,KENTUCKY,16.0,7.7,11.95,0.7509,28.8739,-160.624,-880.624,2.529,0.412
1044,KENTUCKY,6.0,7.7,11.95,0.8084,9.2688,-7.85,-367.85,2.755,0.367
1045,KENTUCKY,7.0,7.7,11.95,0.8084,11.1191,-61.143,-421.143,2.713,0.375
1046,KENTUCKY,8.0,7.7,11.95,0.8084,13.1515,-120.384,-480.384,2.708,0.388
1047,KENTUCKY,9.0,7.7,11.95,0.8084,15.1392,-176.679,-536.679,2.693,0.395
1048,KENTUCKY,10.0,7.7,11.95,0.8084,17.3933,122.066,-597.934,2.698,0.409
1049,KENTUCKY,11.0,7.7,11.95,0.8084,19.4123,67.254,-652.746,2.681,0.413
1050,KENTUCKY,12.0,7.7,11.95,0.8084,21.1103,10.385,-709.615,2.674,0.413
1051,KENTUCKY,13.0,7.7,11.95,0.8084,22.4988,-41.648,-761.648,2.655,0.404
1052,KENTUCKY,14.0,7.7,11.95,0.8084,24.1522,-99.134,-819.134,2.652,0.402
1053,KENTUCKY,15.0,7.7,11.95,0.8084,26.1961,-152.177,-872.177,2.639,0.407
1054,KENTUCKY,16.0,7.7,11.95,0.8084,29.1186,153.166,-926.834,2.63,0.424
1055,KENTUCKY,6.0,7.7,11.95,0.8376,9.5251,-17.339,-377.339,2.812,0.381
1056,KENTUCKY,7.0,7.7,11.95,0.8376,11.405,-72.065,-432.065,2.769,0.389
1057,KENTUCKY,8.0,7.7,11.95,0.8376,13.4733,-132.725,-492.725,2.763,0.401
1058,KENTUCKY,9.0,7.7,11.95,0.8376,15.4423,169.814,-550.186,2.746,0.407
1059,KENTUCKY,10.0,7.7,11.95,0.8376,17.6546,107.302,-612.698,2.75,0.419
1060,KENTUCKY,11.0,7.7,11.95,0.8376,19.5762,51.236,-668.764,2.733,0.422
1061,KENTUCKY,12.0,7.7,11.95,0.8376,21.4116,-7.012,-727.012,2.725,0.421
1062,KENTUCKY,13.0,7.7,11.95,0.8376,22.8534,-60.054,-780.054,2.705,0.414
1063,KENTUCKY,14.0,7.7,11.95,0.8376,24.583,-118.361,-838.361,2.7,0.413
1064,KENTUCKY,15.0,7.7,11.95,0.8376,26.7448,-172.209,-892.209,2.686,0.419
1065,KENTUCKY,16.0,7.7,11.95,0.8376,29.6297,132.157,-947.843,2.676,0.435
1066,KENTUCKY,5.0,7.7,15.21,0.7307,9.7623,34.946,-325.054,2.883,0.475
1067,KENTUCKY,6.0,7.7,15.21,0.7307,12.6902,-25.735,-385.735,2.853,0.511
1068,KENTUCKY,7.0,7.7,15.21,0.7307,15.4423,-82.478,-442.478,2.811,0.53
1069,KENTUCKY,8.0,7.7,15.21,0.7307,18.3443,-146.131,-506.131,2.811,0.551
1070,KENTUCKY,9.0,7.7,15.21,0.7307,20.7242,152.926,-567.074,2.802,0.553
1071,KENTUCKY,10.0,7.7,15.21,0.7307,22.9748,87.752,-632.248,2.81,0.553
1072,KENTUCKY,11.0,7.7,15.21,0.7307,25.0362,32.682,-687.318,2.783,0.545
1073,KENTUCKY,12.0,7.7,15.21,0.7307,27.3306,-19.918,-739.918,2.754,0.541
1074,KENTUCKY,13.0,7.7,15.21,0.7307,29.1186,-65.597,-785.597,2.71,0.531
1075,KENTUCKY,5.0,7.7,15.21,0.7761,10.752,14.943,-345.057,3.028,0.536
1076,KENTUCKY,6.0,7.7,15.21,0.7761,13.8501,-50.452,-410.452,3.002,0.574
1077,KENTUCKY,7.0,7.7,15.21,0.7761,16.6537,-111.82,-471.82,2.962,0.587
1078,KENTUCKY,8.0,7.7,15.21,0.7761,19.1721,-179.296,-539.296,2.962,0.593
1079,KENTUCKY,9.0,7.7,15.21,0.7761,21.0122,118.842,-601.158,2.941,0.574
1080,KENTUCKY,10.0,7.7,15.21,0.7761,22.7335,55.013,-664.987,2.931,0.558
1081,KENTUCKY,11.0,7.7,15.21,0.7761,24.583,0.787,-719.213,2.89,0.546
1082,KENTUCKY,12.0,7.7,15.21,0.7761,27.3306,-52.342,-772.342,2.852,0.552
1083,KENTUCKY,5.0,7.7,15.21,0.812,11.245,3.774,-356.226,3.111,0.569
1084,KENTUCKY,6.0,7.7,15.21,0.812,14.4249,-62.276,-422.276,3.074,0.605
1085,KENTUCKY,7.0,7.7,15.21,0.812,17.3292,-124.099,-484.099,3.026,0.617
1086,KENTUCKY,8.0,7.7,15.21,0.812,20.0,167.385,-552.615,3.022,0.624
1087,KENTUCKY,9.0,7.7,15.21,0.812,21.9382,103.662,-616.339,3.001,0.606
1088,KENTUCKY,10.0,7.7,15.21,0.812,23.7417,37.392,-682.608,2.995,0.588
1089,KENTUCKY,11.0,7.7,15.21,0.812,25.5145,-18.927,-738.927,2.955,0.572
1090,KENTUCKY,12.0,7.7,15.21,0.812,27.9588,-74.155,-794.155,2.918,0.572
1091,KENTUCKY,6,3.3,26.45,0.5749,9.5251,144.105,-215.895,3.573,1.009
1092,KENTUCKY,7,3.3,26.45,0.5749,11.8013,116.408,-243.592,3.451,1.056
1093,KENTUCKY,8,3.3,26.45,0.5749,14.6097,86.532,-273.468,3.379,1.134
1094,KENTUCKY,9,3.3,26.45,0.5749,17.3292,63.037,-296.963,3.258,1.174
1095,KENTUCKY,10,3.3,26.45,0.5749,19.6593,37.628,-322.372,3.184,1.187
1096,KENTUCKY,11,3.3,26.45,0.5749,22.2702,11.078,-348.922,3.13,1.213
1097,KENTUCKY,12,3.3,26.45,0.5749,25.6799,-13.708,-373.708,3.065,1.27
1098,KENTUCKY,13,3.3,26.45,0.5749,28.4043,-38.143,-398.143,3.012,1.291
1099,KENTUCKY,6,3.3,26.45,0.651,10.4287,120.528,-239.472,3.948,1.164
1100,KENTUCKY,7,3.3,26.45,0.651,12.8033,89.186,-270.814,3.815,1.205
1101,KENTUCKY,8,3.3,26.45,0.651,15.8097,55.265,-304.735,3.741,1.289
1102,KENTUCKY,9,3.3,26.45,0.651,18.7108,29.206,-330.794,3.597,1.338
1103,KENTUCKY,10,3.3,26.45,0.651,21.1103,2.979,-357.021,3.492,1.337
1104,KENTUCKY,11,3.3,26.45,0.651,23.3498,-25.591,-385.591,3.428,1.336
1105,KENTUCKY,12,3.3,26.45,0.651,26.558,-53.72,-413.72,3.364,1.375
1106,KENTUCKY,13,3.3,26.45,0.651,28.636,-80.848,-440.848,3.311,1.364
1107,KENTUCKY,5,3.3,26.45,0.7154,8.2458,131.052,-228.948,4.574,1.186
1108,KENTUCKY,6,3.3,26.45,0.7154,11.4698,91.625,-268.375,4.434,1.355
1109,KENTUCKY,7,3.3,26.45,0.7154,14.2889,58.354,-301.646,4.245,1.421
1110,KENTUCKY,8,3.3,26.45,0.7154,17.5885,23.24,-336.76,4.121,1.513
1111,KENTUCKY,9,3.3,26.45,0.7154,21.0122,-3.08,-363.08,3.925,1.567
1112,KENTUCKY,10,3.3,26.45,0.7154,23.4785,-26.797,-386.797,3.754,1.548
1113,KENTUCKY,11,3.3,26.45,0.7154,25.5145,-54.371,-414.371,3.657,1.512
1114,KENTUCKY,12,3.3,26.45,0.7154,28.636,-82.329,-442.329,3.571,1.532
1115,KENTUCKY,6,3.3,30.09,0.5857,10.7221,118.345,-241.655,3.98,1.2
1116,KENTUCKY,7,3.3,30.09,0.5857,13.5556,87.782,-272.218,3.824,1.28
1117,KENTUCKY,8,3.3,30.09,0.5857,17.1397,54.169,-305.831,3.736,1.401
1118,KENTUCKY,9,3.3,30.09,0.5857,21.0122,31.621,-328.379,3.54,1.495
1119,KENTUCKY,10,3.3,30.09,0.5857,23.3498,13.149,-346.851,3.367,1.463
1120,KENTUCKY,11,3.3,30.09,0.5857,25.5145,-14.676,-374.676,3.31,1.439
1121,KENTUCKY,12,3.3,30.09,0.5857,29.3704,-41.23,-401.23,3.236,1.502
1122,KENTUCKY,5,3.3,30.09,0.6687,9.396,131.379,-228.621,4.544,1.351
1123,KENTUCKY,6,3.3,30.09,0.6687,12.995,94.036,-265.964,4.362,1.529
1124,KENTUCKY,7,3.3,30.09,0.6687,16.082,61.922,-298.078,4.161,1.588
1125,KENTUCKY,8,3.3,30.09,0.6687,20,27.105,-332.895,4.032,1.708
1126,KENTUCKY,9,3.3,30.09,0.6687,24.2934,6.53,-353.47,3.766,1.789
1127,KENTUCKY,10,3.3,30.09,0.6687,26.1961,-8.381,-368.381,3.536,1.683
1128,KENTUCKY,11,3.3,30.09,0.6687,27.7443,-36.681,-396.681,3.475,1.602
1129,KENTUCKY,5,3.3,30.09,0.7242,9.8429,109.536,-250.464,5.022,1.486
1130,KENTUCKY,6,3.3,30.09,0.7242,13.7649,67.378,-292.622,4.834,1.708
1131,KENTUCKY,7,3.3,30.09,0.7242,17.4579,32.87,-327.13,4.58,1.812
1132,KENTUCKY,8,3.3,30.09,0.7242,21.9382,-2.082,-362.082,4.383,1.958
1133,KENTUCKY,9,3.3,30.09,0.7242,26.9357,-20.823,-380.823,4.03,2.063
1134,KENTUCKY,10,3.3,30.09,0.7242,28.8739,-27.084,-387.084,3.678,1.905
1135,KENTUCKY,11,3.3,30.09,0.7242,29.897,-52.322,-412.322,3.586,1.756
1136,KENTUCKY,6,3.3,32.71,0.5615,11.7676,96.456,-263.544,4.342,1.377
1137,KENTUCKY,7,3.3,32.71,0.5615,15.9721,63.752,-296.248,4.135,1.573
1138,KENTUCKY,8,3.3,32.71,0.5615,21.31,31.487,-328.513,3.952,1.808
1139,KENTUCKY,9,3.3,32.71,0.5615,27.9588,17.821,-342.179,3.574,2.03
1140,KENTUCKY,5,3.3,32.71,0.6681,9.8699,110.933,-249.067,4.99,1.485
1141,KENTUCKY,6,3.3,32.71,0.6681,14.2889,67.328,-292.672,4.824,1.77
1142,KENTUCKY,7,3.3,32.71,0.6681,18.7108,33.486,-326.514,4.545,1.938
1143,KENTUCKY,8,3.3,32.71,0.6681,24.0132,1.592,-358.408,4.292,2.136
1144,KENTUCKY,5,3.3,32.71,0.7352,10.8122,85.106,-274.894,5.574,1.721
1145,KENTUCKY,6,3.3,32.71,0.7352,15.7031,35.557,-324.443,5.406,2.061
1146,KENTUCKY,7,3.3,32.71,0.7352,21.1103,-2.545,-362.545,5.075,2.316
1147,KENTUCKY,8,3.3,32.71,0.7352,27.9588,-33.919,-393.919,4.696,2.606
1148,MISSOURI,5,6.5,19.6,0.6623,10.2008,54.665,-305.335,3.149,0.614
1149,MISSOURI,6,6.5,19.6,0.6623,13.6387,-1.081,-361.081,3.101,0.682
1150,MISSOURI,7,6.5,19.6,0.6623,17.1397,-51.915,-411.915,3.035,0.727
1151,MISSOURI,8,6.5,19.6,0.6623,21.2096,-109.538,-469.538,3.021,0.785
1152,MISSOURI,9,6.5,19.6,0.6623,25.1927,-168.305,-528.305,3.015,0.831
1153,MISSOURI,10,6.5,19.6,0.6623,29.6297,123.367,-596.633,3.052,0.885
1154,MISSOURI,5.0,6.5,19.6,0.7324,11.5351,25.551,-334.449,3.412,0.725
1155,MISSOURI,6.0,6.5,19.6,0.7324,15.2391,-34.875,-394.875,3.353,0.792
1156,MISSOURI,7.0,6.5,19.6,0.7324,18.9384,-90.356,-450.356,3.278,0.836
1157,MISSOURI,8.0,6.5,19.6,0.7324,23.098,-153.637,-513.637,3.264,0.891
1158,MISSOURI,9.0,6.5,19.6,0.7324,26.7448,141.445,-578.555,3.264,0.919
1159,MISSOURI,10.0,6.5,19.6,0.7324,29.897,67.871,-652.129,3.307,0.932
1160,MISSOURI,5.0,6.5,19.6,0.7725,12.5418,11.965,-348.035,3.536,0.802
1161,MISSOURI,6.0,6.5,19.6,0.7725,16.4205,-50.852,-410.852,3.473,0.871
1162,MISSOURI,7.0,6.5,19.6,0.7725,20.2646,-109.206,-469.206,3.397,0.912
1163,MISSOURI,8.0,6.5,19.6,0.7725,24.2934,-176.428,-536.428,3.393,0.954
1164,MISSOURI,9.0,6.5,19.6,0.7725,27.1309,115.918,-604.082,3.396,0.95
1165,MISSOURI,10.0,6.5,19.6,0.7725,29.3704,43.789,-676.211,3.424,0.925
1166,MISSOURI,5,4.4,23.23,0.6302,8.2908,122.43,-237.57,3.567,0.786
1167,MISSOURI,6,4.4,23.23,0.6302,11.1504,82.602,-277.398,3.464,0.871
1168,MISSOURI,7,4.4,23.23,0.6302,13.6387,47.306,-312.694,3.349,0.898
1169,MISSOURI,8,4.4,23.23,0.6302,16.7726,8.797,-351.203,3.286,0.959
1170,MISSOURI,9,4.4,23.23,0.6302,20.2646,-21.25,-381.25,3.169,1.012
1171,MISSOURI,10,4.4,23.23,0.6302,23.098,-47.096,-407.096,3.053,1.024
1172,MISSOURI,11,4.4,23.23,0.6302,25.1927,-76.083,-436.083,2.983,1.004
1173,MISSOURI,12,4.4,23.23,0.6302,28.636,-110.597,-470.597,2.948,1.039
1174,MISSOURI,5.0,4.4,23.23,0.6974,8.9954,94.628,-265.372,3.97,0.901
1175,MISSOURI,6.0,4.4,23.23,0.6974,12.1461,49.75,-310.25,3.854,1.002
1176,MISSOURI,7.0,4.4,23.23,0.6974,14.9916,11.128,-348.872,3.707,1.039
1177,MISSOURI,8.0,4.4,23.23,0.6974,18.3443,-30.983,-390.983,3.626,1.103
1178,MISSOURI,9.0,4.4,23.23,0.6974,22.2702,-65.627,-425.627,3.498,1.174
1179,MISSOURI,10.0,4.4,23.23,0.6974,26.3752,-92.041,-452.041,3.337,1.219
1180,MISSOURI,11.0,4.4,23.23,0.6974,28.636,-118.203,-478.203,3.219,1.187
1181,MISSOURI,5,4.4,23.23,0.741,9.6561,79.205,-280.795,4.2,0.995
1182,MISSOURI,6,4.4,23.23,0.741,13.1911,31.17,-328.83,4.078,1.119
1183,MISSOURI,7,4.4,23.23,0.741,16.4205,-9.362,-369.362,3.911,1.173
1184,MISSOURI,8,4.4,23.23,0.741,20.1755,-53.763,-413.763,3.819,1.25
1185,MISSOURI,9,4.4,23.23,0.741,24.8825,-92.911,-452.911,3.695,1.348
1186,MISSOURI,7,3.3,25.43,0.5234,9.7891,134.878,-225.122,3.229,0.845
1187,MISSOURI,8,3.3,25.43,0.5234,12.076,107.823,-252.177,3.162,0.904
1188,MISSOURI,9,3.3,25.43,0.5234,14.244,83.495,-276.505,3.084,0.937
1189,MISSOURI,10,3.3,25.43,0.5234,16.8328,57.872,-302.128,3.029,0.99
1190,MISSOURI,11,3.3,25.43,0.5234,19.6593,35.87,-324.13,2.954,1.036
1191,MISSOURI,12,3.3,25.43,0.5234,22.9748,15.679,-344.321,2.872,1.1
1192,MISSOURI,13,3.3,25.43,0.5234,26.1961,1.932,-358.068,2.762,1.137
1193,MISSOURI,14,3.3,25.43,0.5234,29.3704,-8.201,-368.201,2.648,1.159
1194,MISSOURI,6,3.3,25.43,0.6133,9.5251,136.737,-223.263,3.692,1.026
1195,MISSOURI,7,3.3,25.43,0.6133,11.8352,108.229,-251.771,3.562,1.076
1196,MISSOURI,8,3.3,25.43,0.6133,14.2889,79.022,-280.978,3.472,1.123
1197,MISSOURI,9,3.3,25.43,0.6133,16.5363,52.609,-307.391,3.375,1.14
1198,MISSOURI,10,3.3,25.43,0.6133,19.0935,24.418,-335.582,3.311,1.177
1199,MISSOURI,11,3.3,25.43,0.6133,21.7237,-0.725,-360.725,3.233,1.205
1200,MISSOURI,12,3.3,25.43,0.6133,24.8825,-26.61,-386.61,3.169,1.254
1201,MISSOURI,13,3.3,25.43,0.6133,28.1787,-49.112,-409.112,3.091,1.292
1202,MISSOURI,6.0,3.3,25.43,0.6791,10.1728,112.924,-247.076,4.081,1.154
1203,MISSOURI,7.0,3.3,25.43,0.6791,12.7654,80.942,-279.058,3.935,1.219
1204,MISSOURI,8.0,3.3,25.43,0.6791,15.4938,49.216,-310.784,3.82,1.28
1205,MISSOURI,9.0,3.3,25.43,0.6791,17.9239,21.627,-338.373,3.69,1.294
1206,MISSOURI,10.0,3.3,25.43,0.6791,20.5374,-7.776,-367.776,3.603,1.317
1207,MISSOURI,11.0,3.3,25.43,0.6791,22.9748,-35.119,-395.119,3.516,1.328
1208,MISSOURI,12.0,3.3,25.43,0.6791,26.0206,-64.966,-424.966,3.458,1.366
1209,MISSOURI,13.0,3.3,25.43,0.6791,29.1186,-92.299,-452.299,3.39,1.401
1210,MISSOURI,6,3.3,28.52,0.5154,8.9223,143.545,-216.455,3.591,0.946
1211,MISSOURI,7,3.3,28.52,0.5154,11.2133,115.565,-244.435,3.47,1.005
1212,MISSOURI,8,3.3,28.52,0.5154,14.244,84.536,-275.464,3.407,1.109
1213,MISSOURI,9,3.3,28.52,0.5154,17.3292,61.517,-298.483,3.273,1.18
1214,MISSOURI,10,3.3,28.52,0.5154,20.0873,36.914,-323.086,3.185,1.215
1215,MISSOURI,11,3.3,28.52,0.5154,23.6091,11.408,-348.592,3.114,1.285
1216,MISSOURI,12,3.3,28.52,0.5154,28.1787,-6.739,-366.739,2.987,1.384
1217,MISSOURI,6,3.3,28.52,0.6017,10.4576,118.442,-241.558,3.983,1.169
1218,MISSOURI,7,3.3,28.52,0.6017,13.0339,86.92,-273.08,3.845,1.231
1219,MISSOURI,8,3.3,28.52,0.6017,16.3631,52.991,-307.009,3.761,1.341
1220,MISSOURI,9,3.3,28.52,0.6017,19.5762,28.797,-331.203,3.591,1.398
1221,MISSOURI,10,3.3,28.52,0.6017,21.9382,2.335,-357.665,3.489,1.391
1222,MISSOURI,11,3.3,28.52,0.6017,24.8825,-28.144,-388.144,3.434,1.424
1223,MISSOURI,12,3.3,28.52,0.6017,28.8739,-53.847,-413.847,3.338,1.505
1224,MISSOURI,5,3.3,28.52,0.6553,8.1121,133.562,-226.438,4.522,1.159
1225,MISSOURI,6,3.3,28.52,0.6553,11.5351,95.231,-264.769,4.368,1.353
1226,MISSOURI,7,3.3,28.52,0.6553,14.334,63.094,-296.906,4.173,1.413
1227,MISSOURI,8,3.3,28.52,0.6553,17.7211,27.467,-332.533,4.065,1.51
1228,MISSOURI,9,3.3,28.52,0.6553,21.31,1.85,-358.15,3.865,1.579
1229,MISSOURI,10,3.3,28.52,0.6553,23.7417,-22.099,-382.099,3.704,1.556
1230,MISSOURI,11,3.3,28.52,0.6553,26.1961,-52.265,-412.265,3.63,1.548
1231,MISSOURI,6,3.3,34.4,0.5365,11.634,91.734,-268.266,4.429,1.373
1232,MISSOURI,7,3.3,34.4,0.5365,16.0269,59.012,-300.988,4.205,1.591
1233,MISSOURI,8,3.3,34.4,0.5365,21.31,27.327,-332.673,4.006,1.821
1234,MISSOURI,9,3.3,34.4,0.5365,27.7443,12.104,-347.896,3.642,2.027
1235,MISSOURI,5,3.3,34.4,0.6244,9.3704,105.579,-254.421,5.123,1.428
1236,MISSOURI,6,3.3,34.4,0.6244,14.1993,59.708,-300.292,4.97,1.784
1237,MISSOURI,7,3.3,34.4,0.6244,19.1721,26.255,-333.745,4.65,2.007
1238,MISSOURI,8,3.3,34.4,0.6244,24.8825,-5.05,-365.05,4.364,2.229
1239,MISSOURI,5,3.3,34.4,0.6893,10.8122,83.173,-276.827,5.621,1.727
1240,MISSOURI,6,3.3,34.4,0.6893,15.9721,35.436,-324.564,5.401,2.098
1241,MISSOURI,7,3.3,34.4,0.6893,21.1103,0.813,-359.187,5.017,2.312
1242,MISSOURI,8,3.3,34.4,0.6893,27.3306,-32.035,-392.035,4.685,2.538
1243,MISSOURI,5.0,8.5,13.09,0.6855,8.1565,46.188,-313.812,2.598,0.341
1244,MISSOURI,6.0,8.5,13.09,0.6855,10.5742,-11.806,-371.806,2.571,0.367
1245,MISSOURI,7.0,8.5,13.09,0.6855,12.7654,-65.446,-425.446,2.533,0.376
1246,MISSOURI,8.0,8.5,13.09,0.6855,14.9429,-125.833,-485.833,2.531,0.386
1247,MISSOURI,9.0,8.5,13.09,0.6855,17.0156,176.141,-543.859,2.521,0.389
1248,MISSOURI,10.0,8.5,13.09,0.6855,19.3315,113.564,-606.436,2.527,0.398
1249,MISSOURI,11.0,8.5,13.09,0.6855,21.4116,59.373,-660.627,2.508,0.4
1250,MISSOURI,12.0,8.5,13.09,0.6855,23.3498,4.83,-715.17,2.494,0.398
1251,MISSOURI,13.0,8.5,13.09,0.6855,25.0362,-45.553,-765.553,2.473,0.392
1252,MISSOURI,14.0,8.5,13.09,0.6855,27.535,-102.596,-822.596,2.468,0.4
1253,MISSOURI,5.0,8.5,13.09,0.7499,8.9223,21.967,-338.033,2.752,0.384
1254,MISSOURI,6.0,8.5,13.09,0.7499,11.405,-40.042,-400.042,2.719,0.407
1255,MISSOURI,7.0,8.5,13.09,0.7499,13.5556,-97.618,-457.618,2.677,0.411
1256,MISSOURI,8.0,8.5,13.09,0.7499,15.7031,-162.129,-522.129,2.673,0.416
1257,MISSOURI,9.0,8.5,13.09,0.7499,17.5885,136.474,-583.527,2.659,0.413
1258,MISSOURI,10.0,8.5,13.09,0.7499,19.6593,70.652,-649.348,2.662,0.416
1259,MISSOURI,11.0,8.5,13.09,0.7499,21.6184,13.56,-706.44,2.64,0.414
1260,MISSOURI,12.0,8.5,13.09,0.7499,23.7417,-43.515,-763.515,2.62,0.416
1261,MISSOURI,13.0,8.5,13.09,0.7499,25.5145,-94.866,-814.866,2.591,0.411
1262,MISSOURI,14.0,8.5,13.09,0.7499,27.9588,-152.515,-872.515,2.579,0.416
1263,MISSOURI,5.0,8.5,13.09,0.7805,9.3704,14.97,-345.03,2.796,0.406
1264,MISSOURI,6.0,8.5,13.09,0.7805,11.8692,-47.648,-407.648,2.76,0.426
1265,MISSOURI,7.0,8.5,13.09,0.7805,14.0229,-105.945,-465.945,2.714,0.428
1266,MISSOURI,8.0,8.5,13.09,0.7805,16.1375,-171.425,-531.425,2.71,0.431
1267,MISSOURI,9.0,8.5,13.09,0.7805,18.0618,126.237,-593.763,2.695,0.428
1268,MISSOURI,10.0,8.5,13.09,0.7805,20.2646,59.444,-660.556,2.697,0.432
1269,MISSOURI,11.0,8.5,13.09,0.7805,22.3837,1.523,-718.477,2.673,0.431
1270,MISSOURI,12.0,8.5,13.09,0.7805,24.583,-56.312,-776.312,2.653,0.432
1271,MISSOURI,13.0,8.5,13.09,0.7805,26.3752,-108.204,-828.204,2.622,0.426
1272,MISSOURI,14.0,8.5,13.09,0.7805,28.636,-166.458,-886.458,2.61,0.427
1273,NEBRASKA,8.0,6.5,10.1,0.7942,8.3134,-18.55,-378.55,2.574,0.282
1274,NEBRASKA,9.0,6.5,10.1,0.7942,9.9242,-61.153,-421.153,2.551,0.298
1275,NEBRASKA,10.0,6.5,10.1,0.7942,11.7005,-105.709,-465.709,2.541,0.316
1276,NEBRASKA,11.0,6.5,10.1,0.7942,13.1515,-146.983,-506.983,2.521,0.322
1277,NEBRASKA,12.0,6.5,10.1,0.7942,14.6566,166.005,-553.995,2.523,0.329
1278,NEBRASKA,13.0,6.5,10.1,0.7942,16.2496,120.6,-599.4,2.521,0.336
1279,NEBRASKA,14.0,6.5,10.1,0.7942,18.3443,70.812,-649.188,2.53,0.353
1280,NEBRASKA,15.0,6.5,10.1,0.7942,20.5374,25.751,-694.249,2.525,0.37
1281,NEBRASKA,16.0,6.5,10.1,0.7942,23.223,-20.635,-740.635,2.524,0.391
1282,NEBRASKA,17.0,6.5,10.1,0.7942,25.3521,-61.063,-781.063,2.509,0.401
1283,NEBRASKA,18.0,6.5,10.1,0.7942,27.3306,-105.297,-825.297,2.505,0.406
1284,NEBRASKA,8.0,6.5,10.1,0.8291,8.778,-35.154,-395.154,2.659,0.303
1285,NEBRASKA,9.0,6.5,10.1,0.8291,10.3425,-79.57,-439.57,2.635,0.316
1286,NEBRASKA,10.0,6.5,10.1,0.8291,12.111,-126.513,-486.513,2.626,0.333
1287,NEBRASKA,11.0,6.5,10.1,0.8291,13.6806,-169.909,-529.909,2.606,0.34
1288,NEBRASKA,12.0,6.5,10.1,0.8291,15.2894,141.328,-578.672,2.607,0.349
1289,NEBRASKA,13.0,6.5,10.1,0.8291,16.9542,94.798,-625.202,2.601,0.357
1290,NEBRASKA,14.0,6.5,10.1,0.8291,19.0156,44.176,-675.824,2.608,0.372
1291,NEBRASKA,15.0,6.5,10.1,0.8291,21.1103,-1.901,-721.901,2.601,0.385
1292,NEBRASKA,16.0,6.5,10.1,0.8291,23.3498,-50.96,-770.96,2.602,0.4
1293,NEBRASKA,17.0,6.5,10.1,0.8291,25.3521,-95.876,-815.876,2.593,0.409
1294,NEBRASKA,18.0,6.5,10.1,0.8291,27.535,-146.455,-866.455,2.598,0.419
1295,NEBRASKA,8.0,6.5,10.1,0.8616,9.0445,-43.08,-403.08,2.7,0.315
1296,NEBRASKA,9.0,6.5,10.1,0.8616,10.6036,-88.506,-448.506,2.676,0.327
1297,NEBRASKA,10.0,6.5,10.1,0.8616,12.432,-136.478,-496.478,2.667,0.344
1298,NEBRASKA,11.0,6.5,10.1,0.8616,14.0667,179.659,-540.341,2.644,0.353
1299,NEBRASKA,12.0,6.5,10.1,0.8616,15.7562,130.925,-589.075,2.642,0.362
1300,NEBRASKA,13.0,6.5,10.1,0.8616,17.3933,84.492,-635.508,2.633,0.368
1301,NEBRASKA,14.0,6.5,10.1,0.8616,19.4123,33.5,-686.5,2.639,0.382
1302,NEBRASKA,15.0,6.5,10.1,0.8616,21.4116,-13.63,-733.63,2.633,0.393
1303,NEBRASKA,16.0,6.5,10.1,0.8616,23.7417,-64.582,-784.582,2.637,0.409
1304,NEBRASKA,17.0,6.5,10.1,0.8616,26.0206,-111.389,-831.389,2.63,0.42
1305,NEBRASKA,18.0,6.5,10.1,0.8616,28.1787,-163.591,-883.591,2.637,0.432
1306,NEBRASKA,8.0,6.5,10.96,0.7888,9.3449,-29.303,-389.303,2.627,0.321
1307,NEBRASKA,9.0,6.5,10.96,0.7888,11.0879,-72.793,-432.793,2.602,0.337
1308,NEBRASKA,10.0,6.5,10.96,0.7888,13.0729,-118.409,-478.409,2.591,0.356
1309,NEBRASKA,11.0,6.5,10.96,0.7888,14.7036,-160.823,-520.823,2.57,0.363
1310,NEBRASKA,12.0,6.5,10.96,0.7888,16.4205,150.807,-569.193,2.573,0.372
1311,NEBRASKA,13.0,6.5,10.96,0.7888,18.2019,104.333,-615.667,2.569,0.38
1312,NEBRASKA,14.0,6.5,10.96,0.7888,20.3546,53.807,-666.193,2.577,0.397
1313,NEBRASKA,15.0,6.5,10.96,0.7888,22.7335,8.024,-711.976,2.571,0.411
1314,NEBRASKA,16.0,6.5,10.96,0.7888,25.3521,-40.011,-760.011,2.571,0.43
1315,NEBRASKA,17.0,6.5,10.96,0.7888,27.535,-83.117,-803.117,2.559,0.44
1316,NEBRASKA,18.0,6.5,10.96,0.7888,29.6297,-131.519,-851.519,2.562,0.446
1317,NEBRASKA,7.0,6.5,10.96,0.831,8.1565,-0.293,-360.293,2.745,0.327
1318,NEBRASKA,8.0,6.5,10.96,0.831,9.8159,-50.452,-410.452,2.737,0.344
1319,NEBRASKA,9.0,6.5,10.96,0.831,11.6009,-96.518,-456.518,2.712,0.36
1320,NEBRASKA,10.0,6.5,10.96,0.831,13.6387,-145.322,-505.322,2.702,0.38
1321,NEBRASKA,11.0,6.5,10.96,0.831,15.3401,169.313,-550.687,2.682,0.387
1322,NEBRASKA,12.0,6.5,10.96,0.831,17.0156,117.716,-602.284,2.687,0.393
1323,NEBRASKA,13.0,6.5,10.96,0.831,18.7108,68.173,-651.827,2.684,0.4
1324,NEBRASKA,14.0,6.5,10.96,0.831,20.9151,14.807,-705.193,2.693,0.416
1325,NEBRASKA,15.0,6.5,10.96,0.831,23.3498,-32.314,-752.314,2.682,0.432
1326,NEBRASKA,16.0,6.5,10.96,0.831,25.8486,-80.842,-800.842,2.676,0.45
1327,NEBRASKA,17.0,6.5,10.96,0.831,28.1787,-124.979,-844.979,2.661,0.458
1328,NEBRASKA,7.0,6.5,10.96,0.8554,8.4502,-6.334,-366.334,2.782,0.341
1329,NEBRASKA,8.0,6.5,10.96,0.8554,10.0614,-57.133,-417.133,2.773,0.355
1330,NEBRASKA,9.0,6.5,10.96,0.8554,11.8352,-103.953,-463.953,2.746,0.37
1331,NEBRASKA,10.0,6.5,10.96,0.8554,13.8501,-153.689,-513.689,2.737,0.389
1332,NEBRASKA,11.0,6.5,10.96,0.8554,15.5978,160.111,-559.889,2.717,0.396
1333,NEBRASKA,12.0,6.5,10.96,0.8554,17.3292,107.799,-612.201,2.721,0.403
1334,NEBRASKA,13.0,6.5,10.96,0.8554,19.0935,57.75,-662.25,2.717,0.41
1335,NEBRASKA,14.0,6.5,10.96,0.8554,21.31,3.84,-716.16,2.725,0.427
1336,NEBRASKA,15.0,6.5,10.96,0.8554,23.6091,-44.175,-764.175,2.715,0.441
1337,NEBRASKA,16.0,6.5,10.96,0.8554,26.1961,-94.62,-814.62,2.712,0.457
1338,NEBRASKA,17.0,6.5,10.96,0.8554,28.4043,-141.167,-861.167,2.701,0.465