Variety,Freq,M%,Phase_Corr,Permittivity_real,Permittivity_imaginary,d(cm)
KANSAS,7.0,11.3,-415.973,2.416,0.243,8.9
KANSAS,8.0,11.3,-474.289,2.412,0.246,8.9
KANSAS,9.0,11.3,-528.171,2.395,0.246,8.9
KANSAS,10.0,11.3,-585.151,2.39,0.246,8.9
KANSAS,11.0,11.3,-636.498,2.371,0.238,8.9
KANSAS,12.0,11.3,-692.677,2.368,0.229,8.9
KANSAS,13.0,11.3,-746.224,2.359,0.22,8.9
KANSAS,14.0,11.3,-805.408,2.362,0.22,8.9
KANSAS,15.0,11.3,-859.456,2.355,0.225,8.9
KANSAS,16.0,11.3,-915.798,2.353,0.232,8.9
KANSAS,17.0,11.3,-966.095,2.342,0.232,8.9
KANSAS,18.0,11.3,-1021.718,2.34,0.224,8.9
KANSAS,6.0,11.3,-386.205,2.562,0.265,8.9
KANSAS,7.0,11.3,-442.811,2.529,0.264,8.9
KANSAS,8.0,11.3,-504.973,2.524,0.264,8.9
KANSAS,9.0,11.3,-562.455,2.506,0.261,8.9
KANSAS,10.0,11.3,-623.411,2.501,0.259,8.9
KANSAS,11.0,11.3,-678.003,2.481,0.251,8.9
KANSAS,12.0,11.3,-736.716,2.474,0.243,8.9
KANSAS,13.0,11.3,-792.081,2.461,0.235,8.9
KANSAS,14.0,11.3,-853.469,2.462,0.236,8.9
KANSAS,15.0,11.3,-910.113,2.453,0.24,8.9
KANSAS,16.0,11.3,-969.361,2.45,0.248,8.9
KANSAS,17.0,11.3,-1021.407,2.435,0.248,8.9
KANSAS,18.0,11.3,-1077.359,2.429,0.239,8.9
KANSAS,6.0,11.3,-397.172,2.616,0.277,8.9
KANSAS,7.0,11.3,-454.996,2.58,0.275,8.9
KANSAS,8.0,11.3,-518.485,2.575,0.275,8.9
KANSAS,9.0,11.3,-577.348,2.555,0.27,8.9
KANSAS,10.0,11.3,-640.029,2.551,0.268,8.9
KANSAS,11.0,11.3,-696.324,2.53,0.26,8.9
KANSAS,12.0,11.3,-756.768,2.523,0.251,8.9
KANSAS,13.0,11.3,-813.521,2.509,0.244,8.9
KANSAS,14.0,11.3,-876.26,2.51,0.244,8.9
KANSAS,15.0,11.3,-934.021,2.5,0.248,8.9
KANSAS,16.0,11.3,-994.222,2.496,0.256,8.9
KANSAS,17.0,11.3,-1046.643,2.479,0.257,8.9
KANSAS,18.0,11.3,-1102.044,2.469,0.248,8.9
KANSAS,6.0,13.85,-343.799,2.614,0.329,7.7
KANSAS,7.0,13.85,-392.787,2.573,0.333,7.7
KANSAS,8.0,13.85,-446.385,2.561,0.342,7.7
KANSAS,9.0,13.85,-495.578,2.535,0.348,7.7
KANSAS,10.0,13.85,-547.508,2.524,0.352,7.7
KANSAS,11.0,13.85,-594.976,2.502,0.344,7.7
KANSAS,12.0,13.85,-647.893,2.499,0.333,7.7
KANSAS,13.0,13.85,-698.27,2.49,0.325,7.7
KANSAS,14.0,13.85,-752.334,2.491,0.327,7.7
KANSAS,15.0,13.85,-799.65,2.476,0.333,7.7
KANSAS,16.0,13.85,-848.209,2.465,0.339,7.7
KANSAS,17.0,13.85,-894.183,2.451,0.336,7.7
KANSAS,18.0,13.85,-950.458,2.458,0.333,7.7
KANSAS,6.0,13.85,-373.41,2.788,0.383,7.7
KANSAS,7.0,13.85,-426.834,2.742,0.384,7.7
KANSAS,8.0,13.85,-485.335,2.73,0.391,7.7
KANSAS,9.0,13.85,-539.335,2.704,0.391,7.7
KANSAS,10.0,13.85,-596.701,2.694,0.392,7.7
KANSAS,11.0,13.85,-648.561,2.67,0.381,7.7
KANSAS,12.0,13.85,-704.969,2.663,0.368,7.7
KANSAS,13.0,13.85,-758.025,2.648,0.356,7.7
KANSAS,14.0,13.85,-815.457,2.646,0.356,7.7
KANSAS,15.0,13.85,-866.415,2.629,0.36,7.7
KANSAS,16.0,13.85,-918.447,2.616,0.364,7.7
KANSAS,17.0,13.85,-966.448,2.597,0.357,7.7
KANSAS,18.0,13.85,-1023.766,2.599,0.344,7.7
KANSAS,6.0,13.85,-387.431,2.872,0.403,7.7
KANSAS,7.0,13.85,-443.407,2.827,0.406,7.7
KANSAS,8.0,13.85,-504.447,2.816,0.411,7.7
KANSAS,9.0,13.85,-560.832,2.789,0.406,7.7
KANSAS,10.0,13.85,-621.005,2.781,0.401,7.7
KANSAS,11.0,13.85,-675.327,2.757,0.388,7.7
KANSAS,12.0,13.85,-733.607,2.748,0.377,7.7
KANSAS,13.0,13.85,-787.725,2.729,0.368,7.7
KANSAS,14.0,13.85,-846.363,2.724,0.371,7.7
KANSAS,15.0,13.85,-898.882,2.705,0.377,7.7
KANSAS,16.0,13.85,-952.375,2.69,0.386,7.7
KANSAS,17.0,13.85,-1000.82,2.667,0.379,7.7
KANSAS,18.0,13.85,-1059.24,2.667,0.362,7.7
KANSAS,5.0,16.33,-310.991,2.785,0.404,7.7
KANSAS,6.0,16.33,-368.141,2.753,0.423,7.7
KANSAS,7.0,16.33,-421.227,2.71,0.427,7.7
KANSAS,8.0,16.33,-479.75,2.702,0.434,7.7
KANSAS,9.0,16.33,-533.844,2.679,0.434,7.7
KANSAS,10.0,16.33,-590.116,2.668,0.435,7.7
KANSAS,11.0,16.33,-638.683,2.635,0.423,7.7
KANSAS,12.0,16.33,-689.799,2.615,0.409,7.7
KANSAS,13.0,16.33,-738.553,2.593,0.395,7.7
KANSAS,14.0,16.33,-793.438,2.588,0.397,7.7
KANSAS,15.0,16.33,-844.141,2.573,0.409,7.7
KANSAS,16.0,16.33,-897.233,2.565,0.425,7.7
KANSAS,5.0,16.33,-339.583,2.992,0.467,7.7
KANSAS,6.0,16.33,-401.825,2.955,0.486,7.7
KANSAS,7.0,16.33,-459.433,2.905,0.487,7.7
KANSAS,8.0,16.33,-522.691,2.894,0.489,7.7
KANSAS,9.0,16.33,-581.388,2.867,0.479,7.7
KANSAS,10.0,16.33,-643.314,2.858,0.471,7.7
KANSAS,11.0,16.33,-697.503,2.825,0.457,7.7
KANSAS,12.0,16.33,-753.823,2.804,0.445,7.7
KANSAS,13.0,16.33,-805.958,2.775,0.435,7.7
KANSAS,14.0,16.33,-863.913,2.765,0.437,7.7
KANSAS,15.0,16.33,-917.207,2.743,0.446,7.7
KANSAS,5.0,16.33,-355.195,3.108,0.514,7.7
KANSAS,6.0,16.33,-420.426,3.069,0.532,7.7
KANSAS,7.0,16.33,-480.903,3.017,0.53,7.7
KANSAS,8.0,16.33,-546.964,3.004,0.527,7.7
KANSAS,9.0,16.33,-607.673,2.974,0.51,7.7
KANSAS,10.0,16.33,-671.193,2.96,0.496,7.7
KANSAS,11.0,16.33,-726.652,2.921,0.479,7.7
KANSAS,12.0,16.33,-784.24,2.896,0.469,7.7
KANSAS,13.0,16.33,-837.269,2.862,0.46,7.7
KANSAS,14.0,16.33,-896.318,2.847,0.463,7.7
KANSAS,15.0,16.33,-951.264,2.824,0.471,7.7
KANSAS,5.0,18.13,-287.264,2.996,0.484,6.5
KANSAS,6.0,18.13,-336.989,2.937,0.502,6.5
KANSAS,7.0,18.13,-382.29,2.869,0.503,6.5
KANSAS,8.0,18.13,-431.956,2.84,0.517,6.5
KANSAS,9.0,18.13,-477.206,2.797,0.531,6.5
KANSAS,10.0,18.13,-523.769,2.767,0.55,6.5
KANSAS,11.0,18.13,-565.88,2.727,0.546,6.5
KANSAS,12.0,18.13,-614.739,2.719,0.537,6.5
KANSAS,13.0,18.13,-663.323,2.711,0.526,6.5
KANSAS,14.0,18.13,-716.423,2.717,0.529,6.5
KANSAS,15.0,18.13,-763.337,2.705,0.533,6.5
KANSAS,5.0,18.13,-315.569,3.248,0.568,6.5
KANSAS,6.0,18.13,-370.609,3.183,0.596,6.5
KANSAS,7.0,18.13,-420.358,3.104,0.601,6.5
KANSAS,8.0,18.13,-475.197,3.073,0.614,6.5
KANSAS,9.0,18.13,-527.108,3.034,0.623,6.5
KANSAS,10.0,18.13,-583.043,3.02,0.642,6.5
KANSAS,11.0,18.13,-632.841,2.985,0.641,6.5
KANSAS,12.0,18.13,-686.121,2.971,0.628,6.5
KANSAS,13.0,18.13,-736.938,2.951,0.604,6.5
KANSAS,14.0,18.13,-792.767,2.949,0.594,6.5
KANSAS,5.0,18.13,-334.068,3.417,0.637,6.5
KANSAS,6.0,18.13,-392.296,3.346,0.669,6.5
KANSAS,7.0,18.13,-444.835,3.259,0.675,6.5
KANSAS,8.0,18.13,-502.785,3.225,0.686,6.5
KANSAS,9.0,18.13,-558.335,3.186,0.689,6.5
KANSAS,10.0,18.13,-619.283,3.18,0.702,6.5
KANSAS,11.0,18.13,-673.71,3.149,0.696,6.5
KANSAS,12.0,18.13,-730.264,3.133,0.68,6.5
KANSAS,13.0,18.13,-782.584,3.105,0.653,6.5
KANSAS,14.0,18.13,-840.09,3.098,0.639,6.5
KANSAS,7.0,20.43,-267.752,2.947,0.567,4.4
KANSAS,8.0,20.43,-300.799,2.904,0.566,4.4
KANSAS,9.0,20.43,-330.91,2.85,0.561,4.4
KANSAS,10.0,20.43,-362.574,2.817,0.566,4.4
KANSAS,11.0,20.43,-391.152,2.772,0.561,4.4
KANSAS,12.0,20.43,-422.419,2.75,0.561,4.4
KANSAS,13.0,20.43,-452.274,2.724,0.559,4.4
KANSAS,14.0,20.43,-485.647,2.716,0.57,4.4
KANSAS,15.0,20.43,-516.487,2.698,0.585,4.4
KANSAS,16.0,20.43,-548.252,2.685,0.611,4.4
KANSAS,17.0,20.43,-575.357,2.657,0.624,4.4
KANSAS,18.0,20.43,-603.818,2.637,0.635,4.4
KANSAS,6.0,20.43,-264.103,3.329,0.666,4.4
KANSAS,7.0,20.43,-298.271,3.232,0.663,4.4
KANSAS,8.0,20.43,-334.418,3.176,0.664,4.4
KANSAS,9.0,20.43,-367.32,3.109,0.655,4.4
KANSAS,10.0,20.43,-402.385,3.07,0.657,4.4
KANSAS,11.0,20.43,-434.393,3.02,0.652,4.4
KANSAS,12.0,20.43,-469.337,2.995,0.652,4.4
KANSAS,13.0,20.43,-502.446,2.965,0.65,4.4
KANSAS,14.0,20.43,-539.305,2.955,0.659,4.4
KANSAS,15.0,20.43,-573.673,2.936,0.67,4.4
KANSAS,16.0,20.43,-609.906,2.925,0.691,4.4
KANSAS,17.0,20.43,-641.282,2.898,0.7,4.4
KANSAS,18.0,20.43,-673.414,2.877,0.702,4.4
KANSAS,6.0,20.43,-286.569,3.587,0.764,4.4
KANSAS,7.0,20.43,-323.786,3.478,0.767,4.4
KANSAS,8.0,20.43,-362.611,3.411,0.774,4.4
KANSAS,9.0,20.43,-397.661,3.33,0.768,4.4
KANSAS,10.0,20.43,-435.041,3.282,0.773,4.4
KANSAS,11.0,20.43,-469.166,3.223,0.769,4.4
KANSAS,12.0,20.43,-506.214,3.19,0.773,4.4
KANSAS,13.0,20.43,-540.954,3.151,0.769,4.4
KANSAS,14.0,20.43,-579.392,3.135,0.775,4.4
KANSAS,15.0,20.43,-615.289,3.109,0.78,4.4
KANSAS,16.0,20.43,-653.551,3.096,0.793,4.4
NEBRASKA SETTLER,6.0,12.18,-428.842,2.777,0.33,8.9
NEBRASKA SETTLER,7.0,12.18,-494.096,2.749,0.328,8.9
NEBRASKA SETTLER,8.0,12.18,-563.041,2.743,0.326,8.9
NEBRASKA SETTLER,9.0,12.18,-623.701,2.71,0.314,8.9
NEBRASKA SETTLER,10.0,12.18,-687.221,2.692,0.305,8.9
NEBRASKA SETTLER,11.0,12.18,-745.293,2.663,0.297,8.9
NEBRASKA SETTLER,12.0,12.18,-808.868,2.652,0.297,8.9
NEBRASKA SETTLER,13.0,12.18,-869.954,2.637,0.297,8.9
NEBRASKA SETTLER,14.0,12.18,-939.371,2.643,0.303,8.9
NEBRASKA SETTLER,15.0,12.18,-1002.979,2.635,0.31,8.9
NEBRASKA SETTLER,16.0,12.18,-1066.157,2.628,0.315,8.9
NEBRASKA SETTLER,17.0,12.18,-1121.781,2.608,0.307,8.9
NEBRASKA SETTLER,18.0,12.18,-1184.845,2.604,0.296,8.9
NEBRASKA SETTLER,5.0,12.18,-379.602,2.917,0.338,8.9
NEBRASKA SETTLER,6.0,12.18,-453.018,2.903,0.354,8.9
NEBRASKA SETTLER,7.0,12.18,-520.909,2.868,0.35,8.9
NEBRASKA SETTLER,8.0,12.18,-592.92,2.859,0.345,8.9
NEBRASKA SETTLER,9.0,12.18,-656.764,2.824,0.332,8.9
NEBRASKA SETTLER,10.0,12.18,-724.103,2.806,0.322,8.9
NEBRASKA SETTLER,11.0,12.18,-785.852,2.776,0.316,8.9
NEBRASKA SETTLER,12.0,12.18,-852.854,2.765,0.319,8.9
NEBRASKA SETTLER,13.0,12.18,-916.063,2.746,0.322,8.9
NEBRASKA SETTLER,14.0,12.18,-987.388,2.747,0.329,8.9
NEBRASKA SETTLER,15.0,12.18,-1053.831,2.738,0.337,8.9
NEBRASKA SETTLER,16.0,12.18,-1121.741,2.733,0.345,8.9
NEBRASKA SETTLER,17.0,12.18,-1181.391,2.714,0.338,8.9
NEBRASKA SETTLER,18.0,12.18,-1248.011,2.71,0.326,8.9
NEBRASKA SETTLER,5.0,12.18,-389.45,2.98,0.362,8.9
NEBRASKA SETTLER,6.0,12.18,-463.769,2.959,0.377,8.9
NEBRASKA SETTLER,7.0,12.18,-532.371,2.92,0.371,8.9
NEBRASKA SETTLER,8.0,12.18,-605.481,2.908,0.362,8.9
NEBRASKA SETTLER,9.0,12.18,-670.757,2.872,0.346,8.9
NEBRASKA SETTLER,10.0,12.18,-739.769,2.855,0.336,8.9
NEBRASKA SETTLER,11.0,12.18,-802.893,2.824,0.33,8.9
NEBRASKA SETTLER,12.0,12.18,-871.217,2.812,0.334,8.9
NEBRASKA SETTLER,13.0,12.18,-935.472,2.791,0.337,8.9
NEBRASKA SETTLER,14.0,12.18,-1007.788,2.792,0.345,8.9
NEBRASKA SETTLER,15.0,12.18,-1075.349,2.782,0.352,8.9
NEBRASKA SETTLER,16.0,12.18,-1145.115,2.778,0.359,8.9
NEBRASKA SETTLER,17.0,12.18,-1206.519,2.759,0.353,8.9
NEBRASKA SETTLER,18.0,12.18,-1274.435,2.755,0.339,8.9
NEBRASKA SETTLER,6.0,14.58,-380.837,2.832,0.392,7.7
NEBRASKA SETTLER,7.0,14.58,-436.658,2.792,0.403,7.7
NEBRASKA SETTLER,8.0,14.58,-497.013,2.782,0.412,7.7
NEBRASKA SETTLER,9.0,14.58,-553.002,2.757,0.406,7.7
NEBRASKA SETTLER,10.0,14.58,-612.735,2.752,0.4,7.7
NEBRASKA SETTLER,11.0,14.58,-665.495,2.724,0.389,7.7
NEBRASKA SETTLER,12.0,14.58,-720.468,2.708,0.381,7.7
NEBRASKA SETTLER,13.0,14.58,-771.42,2.684,0.374,7.7
NEBRASKA SETTLER,14.0,14.58,-828.18,2.677,0.378,7.7
NEBRASKA SETTLER,15.0,14.58,-880.469,2.66,0.389,7.7
NEBRASKA SETTLER,16.0,14.58,-933.875,2.647,0.402,7.7
NEBRASKA SETTLER,17.0,14.58,-981.321,2.625,0.396,7.7
NEBRASKA SETTLER,18.0,14.58,-1037.388,2.623,0.376,7.7
NEBRASKA SETTLER,5.0,14.58,-344.364,3.031,0.426,7.7
NEBRASKA SETTLER,6.0,14.58,-409.44,3.006,0.449,7.7
NEBRASKA SETTLER,7.0,14.58,-468.817,2.958,0.455,7.7
NEBRASKA SETTLER,8.0,14.58,-533.092,2.945,0.459,7.7
NEBRASKA SETTLER,9.0,14.58,-592.766,2.917,0.447,7.7
NEBRASKA SETTLER,10.0,14.58,-656.522,2.91,0.437,7.7
NEBRASKA SETTLER,11.0,14.58,-713.069,2.88,0.424,7.7
NEBRASKA SETTLER,12.0,14.58,-771.759,2.861,0.418,7.7
NEBRASKA SETTLER,13.0,14.58,-825.168,2.831,0.411,7.7
NEBRASKA SETTLER,14.0,14.58,-883.987,2.819,0.413,7.7
NEBRASKA SETTLER,15.0,14.58,-938.425,2.797,0.421,7.7
NEBRASKA SETTLER,16.0,14.58,-994.441,2.781,0.434,7.7
NEBRASKA SETTLER,5.0,14.58,-359.506,3.145,0.467,7.7
NEBRASKA SETTLER,6.0,14.58,-427.446,3.117,0.489,7.7
NEBRASKA SETTLER,7.0,14.58,-489.457,3.067,0.492,7.7
NEBRASKA SETTLER,8.0,14.58,-556.394,3.052,0.49,7.7
NEBRASKA SETTLER,9.0,14.58,-618.193,3.021,0.472,7.7
NEBRASKA SETTLER,10.0,14.58,-683.973,3.011,0.457,7.7
NEBRASKA SETTLER,11.0,14.58,-742.422,2.978,0.443,7.7
NEBRASKA SETTLER,12.0,14.58,-803.147,2.957,0.439,7.7
NEBRASKA SETTLER,13.0,14.58,-858.043,2.923,0.434,7.7
NEBRASKA SETTLER,14.0,14.58,-918.307,2.907,0.438,7.7
NEBRASKA SETTLER,15.0,14.58,-974.74,2.884,0.445,7.7
NEBRASKA SETTLER,5.0,16.81,-337.136,2.972,0.485,7.7
NEBRASKA SETTLER,6.0,16.81,-399.512,2.939,0.505,7.7
NEBRASKA SETTLER,7.0,16.81,-456.178,2.886,0.506,7.7
NEBRASKA SETTLER,8.0,16.81,-517.815,2.87,0.506,7.7
NEBRASKA SETTLER,9.0,16.81,-575.174,2.84,0.494,7.7
NEBRASKA SETTLER,10.0,16.81,-636.313,2.831,0.488,7.7
NEBRASKA SETTLER,11.0,16.81,-689.976,2.798,0.477,7.7
NEBRASKA SETTLER,12.0,16.81,-744.906,2.775,0.467,7.7
NEBRASKA SETTLER,13.0,16.81,-795.111,2.744,0.451,7.7
NEBRASKA SETTLER,14.0,16.81,-851.107,2.731,0.445,7.7
NEBRASKA SETTLER,15.0,16.81,-902.847,2.709,0.448,7.7
NEBRASKA SETTLER,5.0,16.81,-370.146,3.22,0.556,7.7
NEBRASKA SETTLER,6.0,16.81,-438.559,3.182,0.578,7.7
NEBRASKA SETTLER,7.0,16.81,-500.699,3.121,0.577,7.7
NEBRASKA SETTLER,8.0,16.81,-567.493,3.099,0.57,7.7
NEBRASKA SETTLER,9.0,16.81,-628.97,3.061,0.546,7.7
NEBRASKA SETTLER,10.0,16.81,-694.682,3.046,0.528,7.7
NEBRASKA SETTLER,11.0,16.81,-753.264,3.01,0.513,7.7
NEBRASKA SETTLER,12.0,16.81,-813.396,2.984,0.508,7.7
NEBRASKA SETTLER,13.0,16.81,-866.367,2.942,0.501,7.7
NEBRASKA SETTLER,14.0,16.81,-923.496,2.916,0.501,7.7
NEBRASKA SETTLER,5.0,16.81,-389.608,3.37,0.613,7.7
NEBRASKA SETTLER,6.0,16.81,-461.672,3.329,0.634,7.7
NEBRASKA SETTLER,7.0,16.81,-527.153,3.264,0.63,7.7
NEBRASKA SETTLER,8.0,16.81,-596.729,3.237,0.617,7.7
NEBRASKA SETTLER,9.0,16.81,-659.787,3.19,0.587,7.7
NEBRASKA SETTLER,10.0,16.81,-726.758,3.167,0.565,7.7
NEBRASKA SETTLER,11.0,16.81,-786.771,3.123,0.548,7.7
NEBRASKA SETTLER,12.0,16.81,-848.948,3.093,0.547,7.7
NEBRASKA SETTLER,13.0,16.81,-903.73,3.046,0.547,7.7
NEBRASKA SETTLER,5.0,19.19,-314.977,3.243,0.569,6.5
NEBRASKA SETTLER,6.0,19.19,-371.514,3.189,0.612,6.5
NEBRASKA SETTLER,7.0,19.19,-422.647,3.116,0.633,6.5
NEBRASKA SETTLER,8.0,19.19,-478.813,3.088,0.662,6.5
NEBRASKA SETTLER,9.0,19.19,-531.881,3.052,0.681,6.5
NEBRASKA SETTLER,10.0,19.19,-588.737,3.039,0.705,6.5
NEBRASKA SETTLER,11.0,19.19,-638.492,3.002,0.702,6.5
NEBRASKA SETTLER,12.0,19.19,-691.116,2.984,0.68,6.5
NEBRASKA SETTLER,13.0,19.19,-741.584,2.962,0.652,6.5
NEBRASKA SETTLER,5.0,19.19,-354.946,3.615,0.702,6.5
NEBRASKA SETTLER,6.0,19.19,-419.396,3.555,0.758,6.5
NEBRASKA SETTLER,7.0,19.19,-477.8,3.472,0.782,6.5
NEBRASKA SETTLER,8.0,19.19,-541.892,3.445,0.8,6.5
NEBRASKA SETTLER,9.0,19.19,-603.029,3.411,0.789,6.5
NEBRASKA SETTLER,10.0,19.19,-668.838,3.406,0.778,6.5
NEBRASKA SETTLER,11.0,19.19,-725.003,3.362,0.754,6.5
NEBRASKA SETTLER,12.0,19.19,-779.591,3.32,0.73,6.5
NEBRASKA SETTLER,13.0,19.19,-828.405,3.265,0.697,6.5
NEBRASKA SETTLER,5.0,19.19,-371.466,3.771,0.793,6.5
NEBRASKA SETTLER,6.0,19.19,-440.67,3.722,0.852,6.5
NEBRASKA SETTLER,7.0,19.19,-504.134,3.648,0.871,6.5
NEBRASKA SETTLER,8.0,19.19,-572.55,3.626,0.867,6.5
NEBRASKA SETTLER,9.0,19.19,-635.197,3.582,0.822,6.5
NEBRASKA SETTLER,10.0,19.19,-700.801,3.562,0.782,6.5
NEBRASKA SETTLER,11.0,19.19,-757.238,3.504,0.753,6.5
NEBRASKA SETTLER,12.0,19.19,-812.52,3.45,0.745,6.5
NEBRASKA SETTLER,6.0,21.36,-255.09,3.229,0.626,4.4
NEBRASKA SETTLER,7.0,21.36,-288.388,3.138,0.629,4.4
NEBRASKA SETTLER,8.0,21.36,-323.748,3.088,0.637,4.4
NEBRASKA SETTLER,9.0,21.36,-355.781,3.025,0.635,4.4
NEBRASKA SETTLER,10.0,21.36,-389.729,2.987,0.641,4.4
NEBRASKA SETTLER,11.0,21.36,-420.855,2.94,0.638,4.4
NEBRASKA SETTLER,12.0,21.36,-455.087,2.917,0.643,4.4
NEBRASKA SETTLER,13.0,21.36,-487.517,2.889,0.646,4.4
NEBRASKA SETTLER,14.0,21.36,-523.423,2.88,0.664,4.4
NEBRASKA SETTLER,15.0,21.36,-556.419,2.858,0.684,4.4
NEBRASKA SETTLER,16.0,21.36,-589.862,2.84,0.714,4.4
NEBRASKA SETTLER,6.0,21.36,-296.587,3.705,0.814,4.4
NEBRASKA SETTLER,7.0,21.36,-334.506,3.583,0.823,4.4
NEBRASKA SETTLER,8.0,21.36,-373.8,3.504,0.833,4.4
NEBRASKA SETTLER,9.0,21.36,-409.285,3.415,0.825,4.4
NEBRASKA SETTLER,10.0,21.36,-447.377,3.362,0.827,4.4
NEBRASKA SETTLER,11.0,21.36,-482.553,3.302,0.822,4.4
NEBRASKA SETTLER,12.0,21.36,-520.979,3.269,0.827,4.4
NEBRASKA SETTLER,13.0,21.36,-556.872,3.229,0.827,4.4
NEBRASKA SETTLER,14.0,21.36,-596.416,3.211,0.84,4.4
NEBRASKA SETTLER,15.0,21.36,-633.492,3.184,0.85,4.4
NEBRASKA SETTLER,5.0,21.36,-269.455,4.038,0.862,4.4
NEBRASKA SETTLER,6.0,21.36,-316.391,3.943,0.906,4.4
NEBRASKA SETTLER,7.0,21.36,-357.23,3.812,0.92,4.4
NEBRASKA SETTLER,8.0,21.36,-399.346,3.726,0.94,4.4
NEBRASKA SETTLER,9.0,21.36,-437.189,3.627,0.938,4.4
NEBRASKA SETTLER,10.0,21.36,-477.839,3.567,0.948,4.4
NEBRASKA SETTLER,11.0,21.36,-515.535,3.5,0.948,4.4
NEBRASKA SETTLER,12.0,21.36,-556.876,3.465,0.962,4.4
NEBRASKA SETTLER,13.0,21.36,-595.471,3.42,0.969,4.4
NEBRASKA SETTLER,14.0,21.36,-637.553,3.399,0.987,4.4
NEBRASKA OVERLAND,6.0,11.61,-388.221,2.571,0.277,8.9
NEBRASKA OVERLAND,7.0,11.61,-446.644,2.544,0.279,8.9
NEBRASKA OVERLAND,8.0,11.61,-509.524,2.541,0.278,8.9
NEBRASKA OVERLAND,9.0,11.61,-566.576,2.519,0.27,8.9
NEBRASKA OVERLAND,10.0,11.61,-626.686,2.511,0.263,8.9
NEBRASKA OVERLAND,11.0,11.61,-680.974,2.489,0.254,8.9
NEBRASKA OVERLAND,12.0,11.61,-740.157,2.482,0.251,8.9
NEBRASKA OVERLAND,13.0,11.61,-796.744,2.471,0.249,8.9
NEBRASKA OVERLAND,14.0,11.61,-860.393,2.475,0.255,8.9
NEBRASKA OVERLAND,15.0,11.61,-919.266,2.47,0.262,8.9
NEBRASKA OVERLAND,16.0,11.61,-979.266,2.467,0.269,8.9
NEBRASKA OVERLAND,17.0,11.61,-1030.291,2.45,0.263,8.9
NEBRASKA OVERLAND,18.0,11.61,-1084.977,2.441,0.246,8.9
NEBRASKA OVERLAND,6.0,11.61,-409.999,2.681,0.298,8.9
NEBRASKA OVERLAND,7.0,11.61,-470.172,2.645,0.297,8.9
NEBRASKA OVERLAND,8.0,11.61,-535.902,2.64,0.297,8.9
NEBRASKA OVERLAND,9.0,11.61,-596.463,2.618,0.29,8.9
NEBRASKA OVERLAND,10.0,11.61,-660.473,2.612,0.285,8.9
NEBRASKA OVERLAND,11.0,11.61,-717.696,2.588,0.277,8.9
NEBRASKA OVERLAND,12.0,11.61,-779.083,2.578,0.27,8.9
NEBRASKA OVERLAND,13.0,11.61,-836.867,2.562,0.264,8.9
NEBRASKA OVERLAND,14.0,11.61,-900.952,2.561,0.266,8.9
NEBRASKA OVERLAND,15.0,11.61,-959.771,2.55,0.272,8.9
NEBRASKA OVERLAND,16.0,11.61,-1020.298,2.543,0.282,8.9
NEBRASKA OVERLAND,17.0,11.61,-1073.341,2.524,0.279,8.9
NEBRASKA OVERLAND,18.0,11.61,-1133.031,2.519,0.267,8.9
NEBRASKA OVERLAND,6.0,11.61,-418.288,2.723,0.315,8.9
NEBRASKA OVERLAND,7.0,11.61,-479.767,2.686,0.312,8.9
NEBRASKA OVERLAND,8.0,11.61,-546.768,2.681,0.309,8.9
NEBRASKA OVERLAND,9.0,11.61,-608.188,2.657,0.301,8.9
NEBRASKA OVERLAND,10.0,11.61,-672.904,2.649,0.294,8.9
NEBRASKA OVERLAND,11.0,11.61,-730.839,2.623,0.285,8.9
NEBRASKA OVERLAND,12.0,11.61,-793.139,2.613,0.279,8.9
NEBRASKA OVERLAND,13.0,11.61,-851.763,2.596,0.274,8.9
NEBRASKA OVERLAND,14.0,11.61,-916.833,2.595,0.277,8.9
NEBRASKA OVERLAND,15.0,11.61,-976.795,2.584,0.283,8.9
NEBRASKA OVERLAND,16.0,11.61,-1038.803,2.577,0.292,8.9
NEBRASKA OVERLAND,17.0,11.61,-1092.884,2.558,0.29,8.9
NEBRASKA OVERLAND,18.0,11.61,-1152.76,2.551,0.278,8.9
NEBRASKA OVERLAND,5.0,14.63,-312.356,2.796,0.39,7.7
NEBRASKA OVERLAND,6.0,14.63,-370.712,2.77,0.407,7.7
NEBRASKA OVERLAND,7.0,14.63,-425.017,2.731,0.409,7.7
NEBRASKA OVERLAND,8.0,14.63,-484.597,2.725,0.415,7.7
NEBRASKA OVERLAND,9.0,14.63,-539.224,2.702,0.411,7.7
NEBRASKA OVERLAND,10.0,14.63,-595.912,2.69,0.407,7.7
NEBRASKA OVERLAND,11.0,14.63,-645.399,2.659,0.393,7.7
NEBRASKA OVERLAND,12.0,14.63,-698.426,2.643,0.38,7.7
NEBRASKA OVERLAND,13.0,14.63,-749.347,2.624,0.37,7.7
NEBRASKA OVERLAND,14.0,14.63,-806.814,2.623,0.376,7.7
NEBRASKA OVERLAND,15.0,14.63,-860.054,2.612,0.388,7.7
NEBRASKA OVERLAND,16.0,14.63,-915.205,2.606,0.403,7.7
NEBRASKA OVERLAND,17.0,14.63,-964.547,2.59,0.396,7.7
NEBRASKA OVERLAND,18.0,14.63,-1021.336,2.592,0.368,7.7
NEBRASKA OVERLAND,5.0,14.63,-334.612,2.957,0.435,7.7
NEBRASKA OVERLAND,6.0,14.63,-396.848,2.927,0.45,7.7
NEBRASKA OVERLAND,7.0,14.63,-454.602,2.882,0.45,7.7
NEBRASKA OVERLAND,8.0,14.63,-517.894,2.874,0.452,7.7
NEBRASKA OVERLAND,9.0,14.63,-576.138,2.848,0.443,7.7
NEBRASKA OVERLAND,10.0,14.63,-636.993,2.837,0.436,7.7
NEBRASKA OVERLAND,11.0,14.63,-690.211,2.804,0.421,7.7
NEBRASKA OVERLAND,12.0,14.63,-746.389,2.784,0.409,7.7
NEBRASKA OVERLAND,13.0,14.63,-799.342,2.759,0.399,7.7
NEBRASKA OVERLAND,14.0,14.63,-858.58,2.753,0.402,7.7
NEBRASKA OVERLAND,15.0,14.63,-912.932,2.736,0.411,7.7
NEBRASKA OVERLAND,16.0,14.63,-967.922,2.722,0.423,7.7
NEBRASKA OVERLAND,17.0,14.63,-1015.709,2.696,0.414,7.7
NEBRASKA OVERLAND,18.0,14.63,-1071.514,2.69,0.389,7.7
NEBRASKA OVERLAND,5.0,14.63,-344.702,3.031,0.467,7.7
NEBRASKA OVERLAND,6.0,14.63,-408.658,2.998,0.481,7.7
NEBRASKA OVERLAND,7.0,14.63,-468.151,2.952,0.478,7.7
NEBRASKA OVERLAND,8.0,14.63,-533.308,2.944,0.475,7.7
NEBRASKA OVERLAND,9.0,14.63,-593.002,2.916,0.462,7.7
NEBRASKA OVERLAND,10.0,14.63,-655.064,2.903,0.451,7.7
NEBRASKA OVERLAND,11.0,14.63,-709.199,2.866,0.436,7.7
NEBRASKA OVERLAND,12.0,14.63,-766.191,2.844,0.424,7.7
NEBRASKA OVERLAND,13.0,14.63,-819.728,2.815,0.414,7.7
NEBRASKA OVERLAND,14.0,14.63,-879.722,2.807,0.417,7.7
NEBRASKA OVERLAND,15.0,14.63,-935.158,2.789,0.425,7.7
NEBRASKA OVERLAND,16.0,14.63,-991.393,2.774,0.437,7.7
NEBRASKA OVERLAND,5.0,17.36,-327.888,2.903,0.488,7.7
NEBRASKA OVERLAND,6.0,17.36,-388.12,2.868,0.512,7.7
NEBRASKA OVERLAND,7.0,17.36,-444.155,2.821,0.517,7.7
NEBRASKA OVERLAND,8.0,17.36,-505.763,2.812,0.523,7.7
NEBRASKA OVERLAND,9.0,17.36,-562.529,2.787,0.513,7.7
NEBRASKA OVERLAND,10.0,17.36,-621.278,2.774,0.505,7.7
NEBRASKA OVERLAND,11.0,17.36,-671.307,2.735,0.491,7.7
NEBRASKA OVERLAND,12.0,17.36,-722.48,2.707,0.481,7.7
NEBRASKA OVERLAND,13.0,17.36,-770.537,2.674,0.471,7.7
NEBRASKA OVERLAND,14.0,17.36,-825.967,2.663,0.479,7.7
NEBRASKA OVERLAND,5.0,17.36,-362.944,3.162,0.578,7.7
NEBRASKA OVERLAND,6.0,17.36,-430.528,3.127,0.605,7.7
NEBRASKA OVERLAND,7.0,17.36,-493.169,3.077,0.607,7.7
NEBRASKA OVERLAND,8.0,17.36,-560.657,3.063,0.602,7.7
NEBRASKA OVERLAND,9.0,17.36,-621.28,3.025,0.576,7.7
NEBRASKA OVERLAND,10.0,17.36,-683.512,3.001,0.555,7.7
NEBRASKA OVERLAND,11.0,17.36,-737.474,2.953,0.537,7.7
NEBRASKA OVERLAND,12.0,17.36,-793.309,2.919,0.532,7.7
NEBRASKA OVERLAND,13.0,17.36,-844.448,2.876,0.528,7.7
NEBRASKA OVERLAND,5.0,17.36,-382.023,3.308,0.627,7.7
NEBRASKA OVERLAND,6.0,17.36,-454.864,3.282,0.653,7.7
NEBRASKA OVERLAND,7.0,17.36,-521.911,3.233,0.648,7.7
NEBRASKA OVERLAND,8.0,17.36,-591.842,3.211,0.633,7.7
NEBRASKA OVERLAND,9.0,17.36,-652.475,3.157,0.599,7.7
NEBRASKA OVERLAND,10.0,17.36,-714.37,3.118,0.576,7.7
NEBRASKA OVERLAND,11.0,17.36,-769.451,3.062,0.56,7.7
NEBRASKA OVERLAND,12.0,17.36,-828.21,3.026,0.566,7.7
NEBRASKA OVERLAND,5.0,18.81,-297.768,3.088,0.519,6.5
NEBRASKA OVERLAND,6.0,18.81,-350.953,3.037,0.552,6.5
NEBRASKA OVERLAND,7.0,18.81,-399.183,2.97,0.566,6.5
NEBRASKA OVERLAND,8.0,18.81,-452.256,2.946,0.587,6.5
NEBRASKA OVERLAND,9.0,18.81,-502.093,2.911,0.6,6.5
NEBRASKA OVERLAND,10.0,18.81,-555.091,2.897,0.619,6.5
NEBRASKA OVERLAND,11.0,18.81,-601.732,2.862,0.614,6.5
NEBRASKA OVERLAND,12.0,18.81,-651.599,2.846,0.596,6.5
NEBRASKA OVERLAND,13.0,18.81,-699.211,2.826,0.574,6.5
NEBRASKA OVERLAND,14.0,18.81,-751.106,2.82,0.571,6.5
NEBRASKA OVERLAND,5.0,18.81,-323.915,3.323,0.611,6.5
NEBRASKA OVERLAND,6.0,18.81,-381.79,3.265,0.651,6.5
NEBRASKA OVERLAND,7.0,18.81,-434.184,3.188,0.667,6.5
NEBRASKA OVERLAND,8.0,18.81,-492.153,3.163,0.683,6.5
NEBRASKA OVERLAND,9.0,18.81,-548.067,3.134,0.685,6.5
NEBRASKA OVERLAND,10.0,18.81,-609.36,3.135,0.692,6.5
NEBRASKA OVERLAND,11.0,18.81,-662.949,3.105,0.682,6.5
NEBRASKA OVERLAND,12.0,18.81,-716.329,3.081,0.666,6.5
NEBRASKA OVERLAND,13.0,18.81,-764.313,3.042,0.641,6.5
NEBRASKA OVERLAND,14.0,18.81,-817.296,3.024,0.633,6.5
NEBRASKA OVERLAND,5.0,18.81,-340.561,3.477,0.673,6.5
NEBRASKA OVERLAND,6.0,18.81,-401.549,3.416,0.711,6.5
NEBRASKA OVERLAND,7.0,18.81,-457.066,3.336,0.725,6.5
NEBRASKA OVERLAND,8.0,18.81,-518.284,3.31,0.74,6.5
NEBRASKA OVERLAND,9.0,18.81,-577.064,3.279,0.734,6.5
NEBRASKA OVERLAND,10.0,18.81,-641.372,3.28,0.731,6.5
NEBRASKA OVERLAND,11.0,18.81,-697.607,3.249,0.713,6.5
NEBRASKA OVERLAND,12.0,18.81,-753.319,3.22,0.695,6.5
NEBRASKA OVERLAND,13.0,18.81,-802.343,3.174,0.67,6.5
NEBRASKA OVERLAND,6.0,21.63,-245.944,3.126,0.61,4.4
NEBRASKA OVERLAND,7.0,21.63,-277.795,3.039,0.601,4.4
NEBRASKA OVERLAND,8.0,21.63,-312.95,2.999,0.616,4.4
NEBRASKA OVERLAND,9.0,21.63,-342.915,2.931,0.625,4.4
NEBRASKA OVERLAND,10.0,21.63,-374.057,2.885,0.627,4.4
NEBRASKA OVERLAND,11.0,21.63,-404.327,2.843,0.623,4.4
NEBRASKA OVERLAND,12.0,21.63,-437.237,2.821,0.635,4.4
NEBRASKA OVERLAND,13.0,21.63,-467.463,2.79,0.64,4.4
NEBRASKA OVERLAND,14.0,21.63,-502.333,2.782,0.66,4.4
NEBRASKA OVERLAND,15.0,21.63,-533.65,2.759,0.692,4.4
NEBRASKA OVERLAND,16.0,21.63,-561.867,2.725,0.725,4.4
NEBRASKA OVERLAND,6.0,21.63,-271.528,3.412,0.714,4.4
NEBRASKA OVERLAND,7.0,21.63,-305.975,3.304,0.708,4.4
NEBRASKA OVERLAND,8.0,21.63,-343.849,3.252,0.718,4.4
NEBRASKA OVERLAND,9.0,21.63,-377.147,3.177,0.724,4.4
NEBRASKA OVERLAND,10.0,21.63,-411.682,3.125,0.729,4.4
NEBRASKA OVERLAND,11.0,21.63,-444.556,3.074,0.726,4.4
NEBRASKA OVERLAND,12.0,21.63,-480.458,3.048,0.738,4.4
NEBRASKA OVERLAND,13.0,21.63,-513.388,3.01,0.741,4.4
NEBRASKA OVERLAND,14.0,21.63,-551.698,3.003,0.755,4.4
NEBRASKA OVERLAND,15.0,21.63,-587.682,2.984,0.783,4.4
NEBRASKA OVERLAND,6.0,21.63,-290.858,3.634,0.811,4.4
NEBRASKA OVERLAND,7.0,21.63,-327.144,3.508,0.807,4.4
NEBRASKA OVERLAND,8.0,21.63,-366.919,3.444,0.816,4.4
NEBRASKA OVERLAND,9.0,21.63,-402.317,3.361,0.821,4.4
NEBRASKA OVERLAND,10.0,21.63,-438.799,3.301,0.831,4.4
NEBRASKA OVERLAND,11.0,21.63,-473.295,3.242,0.827,4.4
NEBRASKA OVERLAND,12.0,21.63,-511.258,3.211,0.84,4.4
NEBRASKA OVERLAND,13.0,21.63,-545.438,3.166,0.843,4.4
NEBRASKA OVERLAND,14.0,21.63,-584.986,3.153,0.849,4.4
NEBRASKA OVERLAND,15.0,21.63,-624.104,3.138,0.868,4.4
OKLAHOMA,7.0,10.26,-469.847,2.646,0.255,8.9
OKLAHOMA,8.0,10.26,-536.223,2.643,0.254,8.9
OKLAHOMA,9.0,10.26,-596.6,2.621,0.25,8.9
OKLAHOMA,10.0,10.26,-660.508,2.614,0.247,8.9
OKLAHOMA,11.0,10.26,-718.557,2.592,0.24,8.9
OKLAHOMA,12.0,10.26,-781.788,2.587,0.235,8.9
OKLAHOMA,13.0,10.26,-841.275,2.574,0.23,8.9
OKLAHOMA,14.0,10.26,-906.509,2.575,0.234,8.9
OKLAHOMA,15.0,10.26,-965.935,2.564,0.239,8.9
OKLAHOMA,16.0,10.26,-1027.592,2.558,0.245,8.9
OKLAHOMA,17.0,10.26,-1081.854,2.541,0.243,8.9
OKLAHOMA,18.0,10.26,-1137.428,2.528,0.23,8.9
OKLAHOMA,7.0,10.26,-495.247,2.757,0.271,8.9
OKLAHOMA,8.0,10.26,-564.891,2.753,0.27,8.9
OKLAHOMA,9.0,10.26,-628.461,2.729,0.265,8.9
OKLAHOMA,10.0,10.26,-695.766,2.721,0.262,8.9
OKLAHOMA,11.0,10.26,-756.685,2.697,0.255,8.9
OKLAHOMA,12.0,10.26,-822.66,2.69,0.25,8.9
OKLAHOMA,13.0,10.26,-884.515,2.674,0.246,8.9
OKLAHOMA,14.0,10.26,-952.423,2.674,0.249,8.9
OKLAHOMA,15.0,10.26,-1014.674,2.662,0.254,8.9
OKLAHOMA,16.0,10.26,-1079.804,2.657,0.263,8.9
OKLAHOMA,17.0,10.26,-1136.884,2.638,0.265,8.9
OKLAHOMA,18.0,10.26,-1194.397,2.622,0.258,8.9
OKLAHOMA,6.0,10.26,-439.873,2.837,0.285,8.9
OKLAHOMA,7.0,10.26,-505.469,2.802,0.279,8.9
OKLAHOMA,8.0,10.26,-576.148,2.797,0.275,8.9
OKLAHOMA,9.0,10.26,-640.57,2.771,0.268,8.9
OKLAHOMA,10.0,10.26,-709.146,2.763,0.263,8.9
OKLAHOMA,11.0,10.26,-771.687,2.739,0.256,8.9
OKLAHOMA,12.0,10.26,-839.507,2.733,0.254,8.9
OKLAHOMA,13.0,10.26,-902.785,2.717,0.253,8.9
OKLAHOMA,14.0,10.26,-972.031,2.717,0.258,8.9
OKLAHOMA,15.0,10.26,-1035.736,2.705,0.264,8.9
OKLAHOMA,16.0,10.26,-1103.097,2.701,0.272,8.9
OKLAHOMA,17.0,10.26,-1162.837,2.684,0.273,8.9
OKLAHOMA,18.0,10.26,-1223.394,2.671,0.268,8.9
OKLAHOMA,8.0,11.18,-445.754,2.563,0.26,7.7
OKLAHOMA,9.0,11.18,-496.25,2.543,0.265,7.7
OKLAHOMA,10.0,11.18,-549.337,2.535,0.268,7.7
OKLAHOMA,11.0,11.18,-597.606,2.515,0.26,7.7
OKLAHOMA,12.0,11.18,-651.33,2.514,0.249,7.7
OKLAHOMA,13.0,11.18,-702.771,2.507,0.24,7.7
OKLAHOMA,14.0,11.18,-758.654,2.511,0.241,7.7
OKLAHOMA,15.0,11.18,-808.102,2.5,0.247,7.7
OKLAHOMA,16.0,11.18,-858.505,2.492,0.254,7.7
OKLAHOMA,17.0,11.18,-904.954,2.478,0.251,7.7
OKLAHOMA,18.0,11.18,-959.854,2.481,0.243,7.7
OKLAHOMA,7.0,11.18,-420.59,2.716,0.284,7.7
OKLAHOMA,8.0,11.18,-479.627,2.711,0.29,7.7
OKLAHOMA,9.0,11.18,-533.951,2.688,0.293,7.7
OKLAHOMA,10.0,11.18,-591.342,2.681,0.295,7.7
OKLAHOMA,11.0,11.18,-643.221,2.658,0.287,7.7
OKLAHOMA,12.0,11.18,-700.16,2.655,0.276,7.7
OKLAHOMA,13.0,11.18,-754.32,2.644,0.266,7.7
OKLAHOMA,14.0,11.18,-813.527,2.647,0.266,7.7
OKLAHOMA,15.0,11.18,-866.462,2.634,0.271,7.7
OKLAHOMA,16.0,11.18,-920.223,2.625,0.277,7.7
OKLAHOMA,17.0,11.18,-968.205,2.606,0.273,7.7
OKLAHOMA,18.0,11.18,-1022.975,2.602,0.261,7.7
OKLAHOMA,7.0,11.18,-433.073,2.779,0.305,7.7
OKLAHOMA,8.0,11.18,-493.903,2.774,0.308,7.7
OKLAHOMA,9.0,11.18,-550.054,2.752,0.307,7.7
OKLAHOMA,10.0,11.18,-609.59,2.746,0.308,7.7
OKLAHOMA,11.0,11.18,-663.311,2.723,0.299,7.7
OKLAHOMA,12.0,11.18,-721.718,2.718,0.288,7.7
OKLAHOMA,13.0,11.18,-776.809,2.704,0.279,7.7
OKLAHOMA,14.0,11.18,-836.926,2.705,0.279,7.7
OKLAHOMA,15.0,11.18,-890.905,2.691,0.283,7.7
OKLAHOMA,16.0,11.18,-946.117,2.682,0.289,7.7
OKLAHOMA,17.0,11.18,-995.571,2.662,0.285,7.7
OKLAHOMA,18.0,11.18,-1051.75,2.658,0.271,7.7
OKLAHOMA,7.0,13.75,-394.656,2.584,0.295,7.7
OKLAHOMA,8.0,13.75,-449.918,2.579,0.306,7.7
OKLAHOMA,9.0,13.75,-500.187,2.555,0.313,7.7
OKLAHOMA,10.0,13.75,-552.383,2.543,0.318,7.7
OKLAHOMA,11.0,13.75,-599.595,2.519,0.307,7.7
OKLAHOMA,12.0,13.75,-652.694,2.515,0.292,7.7
OKLAHOMA,13.0,13.75,-704.037,2.508,0.28,7.7
OKLAHOMA,14.0,13.75,-759.761,2.512,0.282,7.7
OKLAHOMA,15.0,13.75,-808.529,2.499,0.289,7.7
OKLAHOMA,16.0,13.75,-857.598,2.488,0.297,7.7
OKLAHOMA,17.0,13.75,-903.506,2.473,0.292,7.7
OKLAHOMA,18.0,13.75,-960.001,2.479,0.284,7.7
OKLAHOMA,6.0,13.75,-378.009,2.818,0.338,7.7
OKLAHOMA,7.0,13.75,-433.479,2.779,0.34,7.7
OKLAHOMA,8.0,13.75,-494.112,2.773,0.347,7.7
OKLAHOMA,9.0,13.75,-549.731,2.748,0.349,7.7
OKLAHOMA,10.0,13.75,-608.306,2.739,0.349,7.7
OKLAHOMA,11.0,13.75,-660.865,2.713,0.338,7.7
OKLAHOMA,12.0,13.75,-718.106,2.705,0.325,7.7
OKLAHOMA,13.0,13.75,-772.387,2.69,0.314,7.7
OKLAHOMA,14.0,13.75,-831.562,2.69,0.316,7.7
OKLAHOMA,15.0,13.75,-883.934,2.673,0.323,7.7
OKLAHOMA,16.0,13.75,-936.159,2.657,0.331,7.7
OKLAHOMA,17.0,13.75,-983.411,2.634,0.323,7.7
OKLAHOMA,18.0,13.75,-1040.614,2.634,0.307,7.7
OKLAHOMA,6.0,13.75,-391.764,2.901,0.371,7.7
OKLAHOMA,7.0,13.75,-448.764,2.857,0.37,7.7
OKLAHOMA,8.0,13.75,-511.182,2.849,0.374,7.7
OKLAHOMA,9.0,13.75,-568.72,2.823,0.371,7.7
OKLAHOMA,10.0,13.75,-629.713,2.815,0.369,7.7
OKLAHOMA,11.0,13.75,-684.542,2.789,0.357,7.7
OKLAHOMA,12.0,13.75,-743.758,2.781,0.345,7.7
OKLAHOMA,13.0,13.75,-799.369,2.764,0.335,7.7
OKLAHOMA,14.0,13.75,-859.855,2.761,0.337,7.7
OKLAHOMA,15.0,13.75,-913.519,2.742,0.343,7.7
OKLAHOMA,16.0,13.75,-967.062,2.725,0.351,7.7
OKLAHOMA,17.0,13.75,-1015.082,2.699,0.342,7.7
OKLAHOMA,18.0,13.75,-1072.943,2.697,0.324,7.7
OKLAHOMA,6.0,18.11,-323.882,2.846,0.437,6.5
OKLAHOMA,7.0,18.11,-367.548,2.782,0.436,6.5
OKLAHOMA,8.0,18.11,-415.418,2.757,0.448,6.5
OKLAHOMA,9.0,18.11,-458.385,2.713,0.461,6.5
OKLAHOMA,10.0,18.11,-501.985,2.68,0.476,6.5
OKLAHOMA,11.0,18.11,-541.983,2.642,0.47,6.5
OKLAHOMA,12.0,18.11,-588.908,2.634,0.463,6.5
OKLAHOMA,13.0,18.11,-634.948,2.625,0.458,6.5
OKLAHOMA,14.0,18.11,-684.778,2.627,0.463,6.5
OKLAHOMA,15.0,18.11,-729.531,2.615,0.466,6.5
OKLAHOMA,16.0,18.11,-776.905,2.611,0.473,6.5
OKLAHOMA,17.0,18.11,-819.911,2.597,0.476,6.5
OKLAHOMA,5.0,18.11,-309.153,3.194,0.508,6.5
OKLAHOMA,6.0,18.11,-364.418,3.141,0.532,6.5
OKLAHOMA,7.0,18.11,-414.301,3.07,0.542,6.5
OKLAHOMA,8.0,18.11,-469.043,3.043,0.559,6.5
OKLAHOMA,9.0,18.11,-520.433,3.006,0.569,6.5
OKLAHOMA,10.0,18.11,-575.232,2.99,0.587,6.5
OKLAHOMA,11.0,18.11,-624.048,2.955,0.584,6.5
OKLAHOMA,12.0,18.11,-677.072,2.943,0.569,6.5
OKLAHOMA,13.0,18.11,-727.678,2.925,0.549,6.5
OKLAHOMA,14.0,18.11,-782.067,2.92,0.544,6.5
OKLAHOMA,15.0,18.11,-828.89,2.894,0.543,6.5
OKLAHOMA,16.0,18.11,-876.503,2.873,0.54,6.5
OKLAHOMA,5.0,18.11,-324.698,3.334,0.574,6.5
OKLAHOMA,6.0,18.11,-382.997,3.279,0.605,6.5
OKLAHOMA,7.0,18.11,-435.892,3.205,0.613,6.5
OKLAHOMA,8.0,18.11,-494.23,3.181,0.625,6.5
OKLAHOMA,9.0,18.11,-549.881,3.149,0.625,6.5
OKLAHOMA,10.0,18.11,-610.433,3.146,0.631,6.5
OKLAHOMA,11.0,18.11,-663.994,3.116,0.619,6.5
OKLAHOMA,12.0,18.11,-719.164,3.098,0.601,6.5
OKLAHOMA,13.0,18.11,-769.69,3.067,0.578,6.5
OKLAHOMA,14.0,18.11,-824.517,3.054,0.571,6.5
OKLAHOMA,15.0,18.11,-872.722,3.021,0.572,6.5
OKLAHOMA,6.0,24.41,-246.975,3.137,0.619,4.4
OKLAHOMA,7.0,24.41,-278.714,3.047,0.608,4.4
OKLAHOMA,8.0,24.41,-313.919,3.007,0.618,4.4
OKLAHOMA,9.0,24.41,-344.652,2.944,0.623,4.4
OKLAHOMA,10.0,24.41,-376.876,2.904,0.627,4.4
OKLAHOMA,11.0,24.41,-407.237,2.86,0.627,4.4
OKLAHOMA,12.0,24.41,-439.35,2.832,0.639,4.4
OKLAHOMA,13.0,24.41,-469.109,2.798,0.64,4.4
OKLAHOMA,14.0,24.41,-504.051,2.791,0.657,4.4
OKLAHOMA,15.0,24.41,-534.835,2.764,0.689,4.4
OKLAHOMA,16.0,24.41,-561.478,2.725,0.715,4.4
OKLAHOMA,17.0,24.41,-590.024,2.701,0.706,4.4
OKLAHOMA,5.0,24.41,-235.044,3.529,0.796,4.4
OKLAHOMA,6.0,24.41,-280.451,3.514,0.757,4.4
OKLAHOMA,7.0,24.41,-318.457,3.425,0.749,4.4
OKLAHOMA,8.0,24.41,-356.675,3.359,0.76,4.4
OKLAHOMA,9.0,24.41,-390.226,3.273,0.759,4.4
OKLAHOMA,10.0,24.41,-425.922,3.22,0.762,4.4
OKLAHOMA,11.0,24.41,-459.557,3.164,0.758,4.4
OKLAHOMA,12.0,24.41,-495.79,3.131,0.768,4.4
OKLAHOMA,13.0,24.41,-528.783,3.087,0.766,4.4
OKLAHOMA,14.0,24.41,-567.315,3.076,0.772,4.4
OKLAHOMA,15.0,24.41,-603.971,3.056,0.794,4.4
OKLAHOMA,5.0,24.41,-263.735,3.953,0.828,4.4
OKLAHOMA,6.0,24.41,-307.742,3.836,0.889,4.4
OKLAHOMA,7.0,24.41,-345.847,3.694,0.891,4.4
OKLAHOMA,8.0,24.41,-387.11,3.618,0.901,4.4
OKLAHOMA,9.0,24.41,-423.914,3.523,0.905,4.4
OKLAHOMA,10.0,24.41,-462.062,3.457,0.914,4.4
OKLAHOMA,11.0,24.41,-498.549,3.394,0.91,4.4
OKLAHOMA,12.0,24.41,-539.116,3.363,0.93,4.4
OKLAHOMA,13.0,24.41,-574.501,3.309,0.941,4.4
OKLAHOMA,14.0,24.41,-613.505,3.282,0.947,4.4
SOUTH DAKOTA,5.0,13.68,-389.545,2.975,0.436,8.9
SOUTH DAKOTA,6.0,13.68,-462.417,2.948,0.429,8.9
SOUTH DAKOTA,7.0,13.68,-531.455,2.913,0.413,8.9
SOUTH DAKOTA,8.0,13.68,-604.714,2.902,0.41,8.9
SOUTH DAKOTA,9.0,13.68,-667.884,2.859,0.4,8.9
SOUTH DAKOTA,10.0,13.68,-733.896,2.833,0.388,8.9
SOUTH DAKOTA,11.0,13.68,-796.321,2.802,0.378,8.9
SOUTH DAKOTA,12.0,13.68,-865.375,2.793,0.384,8.9
SOUTH DAKOTA,13.0,13.68,-929.324,2.773,0.392,8.9
SOUTH DAKOTA,14.0,13.68,-1001.187,2.773,0.403,8.9
SOUTH DAKOTA,15.0,13.68,-1072.017,2.771,0.412,8.9
SOUTH DAKOTA,5.0,13.68,-419.113,3.168,0.476,8.9
SOUTH DAKOTA,6.0,13.68,-496.75,3.134,0.469,8.9
SOUTH DAKOTA,7.0,13.68,-569.662,3.089,0.446,8.9
SOUTH DAKOTA,8.0,13.68,-647.283,3.074,0.437,8.9
SOUTH DAKOTA,9.0,13.68,-714.426,3.024,0.428,8.9
SOUTH DAKOTA,10.0,13.68,-784.082,2.992,0.422,8.9
SOUTH DAKOTA,11.0,13.68,-850.329,2.957,0.415,8.9
SOUTH DAKOTA,12.0,13.68,-926.043,2.952,0.424,8.9
SOUTH DAKOTA,13.0,13.68,-998.665,2.94,0.437,8.9
SOUTH DAKOTA,14.0,13.68,-1079.128,2.947,0.451,8.9
SOUTH DAKOTA,5.0,13.68,-430.047,3.24,0.495,8.9
SOUTH DAKOTA,6.0,13.68,-509.37,3.203,0.489,8.9
SOUTH DAKOTA,7.0,13.68,-583.735,3.154,0.463,8.9
SOUTH DAKOTA,8.0,13.68,-663.169,3.139,0.451,8.9
SOUTH DAKOTA,9.0,13.68,-732.351,3.089,0.441,8.9
SOUTH DAKOTA,10.0,13.68,-804.356,3.058,0.436,8.9
SOUTH DAKOTA,11.0,13.68,-872.769,3.023,0.43,8.9
SOUTH DAKOTA,12.0,13.68,-951.043,3.019,0.44,8.9
SOUTH DAKOTA,13.0,13.68,-1026.174,3.007,0.454,8.9
SOUTH DAKOTA,5.0,16.12,-336.514,2.968,0.478,7.7
SOUTH DAKOTA,6.0,16.12,-399.655,2.941,0.488,7.7
SOUTH DAKOTA,7.0,16.12,-458.089,2.898,0.482,7.7
SOUTH DAKOTA,8.0,16.12,-521.77,2.89,0.481,7.7
SOUTH DAKOTA,9.0,16.12,-579.725,2.861,0.472,7.7
SOUTH DAKOTA,10.0,16.12,-640.076,2.846,0.468,7.7
SOUTH DAKOTA,11.0,16.12,-693.005,2.81,0.457,7.7
SOUTH DAKOTA,12.0,16.12,-748.902,2.789,0.447,7.7
SOUTH DAKOTA,13.0,16.12,-801.844,2.763,0.438,7.7
SOUTH DAKOTA,14.0,16.12,-861.22,2.757,0.444,7.7
SOUTH DAKOTA,15.0,16.12,-914.807,2.736,0.461,7.7
SOUTH DAKOTA,5.0,16.12,-376.999,3.274,0.56,7.7
SOUTH DAKOTA,6.0,16.12,-446.578,3.234,0.579,7.7
SOUTH DAKOTA,7.0,16.12,-510.161,3.174,0.574,7.7
SOUTH DAKOTA,8.0,16.12,-578.588,3.153,0.566,7.7
SOUTH DAKOTA,9.0,16.12,-640.649,3.111,0.545,7.7
SOUTH DAKOTA,10.0,16.12,-706.087,3.09,0.529,7.7
SOUTH DAKOTA,11.0,16.12,-764.738,3.049,0.513,7.7
SOUTH DAKOTA,12.0,16.12,-826.416,3.025,0.507,7.7
SOUTH DAKOTA,13.0,16.12,-882.654,2.989,0.502,7.7
SOUTH DAKOTA,14.0,16.12,-944.816,2.972,0.511,7.7
SOUTH DAKOTA,5.0,16.12,-388.405,3.361,0.61,7.7
SOUTH DAKOTA,6.0,16.12,-460.418,3.322,0.624,7.7
SOUTH DAKOTA,7.0,16.12,-526.192,3.26,0.612,7.7
SOUTH DAKOTA,8.0,16.12,-596.205,3.236,0.597,7.7
SOUTH DAKOTA,9.0,16.12,-659.008,3.188,0.569,7.7
SOUTH DAKOTA,10.0,16.12,-725.408,3.163,0.548,7.7
SOUTH DAKOTA,11.0,16.12,-785.789,3.121,0.533,7.7
SOUTH DAKOTA,12.0,16.12,-849.931,3.098,0.535,7.7
SOUTH DAKOTA,13.0,16.12,-907.767,3.059,0.543,7.7
SOUTH DAKOTA,5.0,18.6,-304.921,3.152,0.536,6.5
SOUTH DAKOTA,6.0,18.6,-358.301,3.091,0.569,6.5
SOUTH DAKOTA,7.0,18.6,-407.357,3.021,0.577,6.5
SOUTH DAKOTA,8.0,18.6,-462.711,3.004,0.597,6.5
SOUTH DAKOTA,9.0,18.6,-515.198,2.975,0.617,6.5
SOUTH DAKOTA,10.0,18.6,-570.101,2.961,0.647,6.5
SOUTH DAKOTA,11.0,18.6,-617.366,2.922,0.643,6.5
SOUTH DAKOTA,12.0,18.6,-669.665,2.91,0.619,6.5
SOUTH DAKOTA,13.0,18.6,-721.325,2.899,0.595,6.5
SOUTH DAKOTA,14.0,18.6,-775.896,2.895,0.599,6.5
SOUTH DAKOTA,5.0,18.6,-342.017,3.493,0.652,6.5
SOUTH DAKOTA,6.0,18.6,-404.669,3.441,0.703,6.5
SOUTH DAKOTA,7.0,18.6,-461.798,3.369,0.722,6.5
SOUTH DAKOTA,8.0,18.6,-525.274,3.353,0.731,6.5
SOUTH DAKOTA,9.0,18.6,-586.274,3.33,0.715,6.5
SOUTH DAKOTA,10.0,18.6,-651.742,3.332,0.705,6.5
SOUTH DAKOTA,11.0,18.6,-707.021,3.291,0.689,6.5
SOUTH DAKOTA,12.0,18.6,-760.239,3.25,0.673,6.5
SOUTH DAKOTA,13.0,18.6,-808.706,3.199,0.649,6.5
SOUTH DAKOTA,14.0,18.6,-864.334,3.177,0.649,6.5
SOUTH DAKOTA,5.0,18.6,-359.975,3.661,0.739,6.5
SOUTH DAKOTA,6.0,18.6,-425.273,3.6,0.791,6.5
SOUTH DAKOTA,7.0,18.6,-484.919,3.52,0.804,6.5
SOUTH DAKOTA,8.0,18.6,-551.223,3.502,0.804,6.5
SOUTH DAKOTA,9.0,18.6,-614.721,3.475,0.776,6.5
SOUTH DAKOTA,10.0,18.6,-682.729,3.476,0.756,6.5
SOUTH DAKOTA,11.0,18.6,-740.586,3.432,0.737,6.5
SOUTH DAKOTA,12.0,18.6,-796.163,3.386,0.728,6.5
SOUTH DAKOTA,13.0,18.6,-845.322,3.325,0.708,6.5
SOUTH DAKOTA,6.0,20.9,-251.837,3.191,0.631,4.4
SOUTH DAKOTA,7.0,20.9,-284.608,3.103,0.616,4.4
SOUTH DAKOTA,8.0,20.9,-321.265,3.068,0.63,4.4
SOUTH DAKOTA,9.0,20.9,-352.745,3.002,0.641,4.4
SOUTH DAKOTA,10.0,20.9,-385.344,2.958,0.644,4.4
SOUTH DAKOTA,11.0,20.9,-417.02,2.917,0.64,4.4
SOUTH DAKOTA,12.0,20.9,-451.772,2.898,0.653,4.4
SOUTH DAKOTA,13.0,20.9,-484.008,2.87,0.659,4.4
SOUTH DAKOTA,14.0,20.9,-521.588,2.869,0.681,4.4
SOUTH DAKOTA,15.0,20.9,-555.583,2.851,0.717,4.4
SOUTH DAKOTA,16.0,20.9,-585.632,2.818,0.752,4.4
SOUTH DAKOTA,6.0,20.9,-281.647,3.531,0.735,4.4
SOUTH DAKOTA,7.0,20.9,-317.627,3.419,0.725,4.4
SOUTH DAKOTA,8.0,20.9,-357.468,3.369,0.734,4.4
SOUTH DAKOTA,9.0,20.9,-392.774,3.295,0.74,4.4
SOUTH DAKOTA,10.0,20.9,-429.586,3.247,0.746,4.4
SOUTH DAKOTA,11.0,20.9,-464.793,3.198,0.743,4.4
SOUTH DAKOTA,12.0,20.9,-503.44,3.176,0.758,4.4
SOUTH DAKOTA,13.0,20.9,-538.403,3.138,0.764,4.4
SOUTH DAKOTA,14.0,20.9,-578.454,3.13,0.779,4.4
SOUTH DAKOTA,15.0,20.9,-616.223,3.11,0.808,4.4
SOUTH DAKOTA,5.0,20.9,-259.107,3.885,0.807,4.4
SOUTH DAKOTA,6.0,20.9,-301.844,3.765,0.858,4.4
SOUTH DAKOTA,7.0,20.9,-339.449,3.631,0.85,4.4
SOUTH DAKOTA,8.0,20.9,-380.849,3.565,0.858,4.4
SOUTH DAKOTA,9.0,20.9,-417.688,3.478,0.861,4.4
SOUTH DAKOTA,10.0,20.9,-456.015,3.419,0.865,4.4
SOUTH DAKOTA,11.0,20.9,-493.329,3.367,0.857,4.4
SOUTH DAKOTA,12.0,20.9,-534.993,3.345,0.878,4.4
SOUTH DAKOTA,13.0,20.9,-571.209,3.298,0.892,4.4
SOUTH DAKOTA,14.0,20.9,-611.47,3.278,0.902,4.4
